Rk,Name,Age,Tm,Lg,G,GS,CG,Inn,Ch,PO,A,E,DP,Fld%,Rtot,Rtot/yr,RF/9,RF/G,Pos Summary,Name-additional
1,Jeff Abbott,24,CHW,AL,10,4,4,46.2,15,15,0,0,0,1.000,-1,-21,2.89,1.50,OF,abbotje01
2,Kurt Abbott,28,FLA,NL,75,57,40,497.0,270,126,136,8,27,.970,-3,-7,4.74,3.49,2B-SS-OF-3B,abbotku01
3,Bobby Abreu,23,HOU,NL,53,46,41,428.0,90,84,4,2,1,.978,4,10,1.85,1.66,OF,abreubo01
4,Juan Acevedo,27,NYM,NL,25,2,0,47.2,13,3,9,1,0,.923,,,2.27,0.48,P,aceveju01
5,Mark Acre,28,OAK,AL,15,0,0,15.2,2,1,1,0,0,1.000,,,1.15,0.13,P,acrema01
6,Terry Adams,24,CHC,NL,74,0,0,74.0,15,7,8,0,0,1.000,,,1.82,0.20,P,adamste01
7,Willie Adams,24,OAK,AL,13,12,0,58.1,12,2,10,0,0,1.000,,,1.85,0.92,P,adamswi02
8,Joel Adamson,25,MIL,AL,30,6,0,76.1,17,6,9,2,0,.882,,,1.77,0.50,P,adamsjo02
9,Rick Aguilera,35,MIN,AL,61,0,0,68.1,18,5,13,0,1,1.000,,,2.37,0.30,P,aguilri01
10,Jose Alberro,28,TEX,AL,10,4,0,28.1,9,3,5,1,1,.889,,,2.54,0.80,P,alberjo01
11,Scott Aldred,29,MIN,AL,17,15,0,77.1,11,2,9,0,0,1.000,,,1.28,0.65,P,aldresc01
12,Manny Alexander,26,TOT,NL,85,71,48,606.1,329,97,221,11,39,.967,2,4,4.72,3.53,SS-2B-3B,alexama02
13,Antonio Alfonseca,25,FLA,NL,17,0,0,25.2,4,1,3,0,0,1.000,,,1.40,0.24,P,alfonan01
14,Edgardo Alfonzo,23,NYM,NL,147,132,107,1181.1,400,98,290,12,32,.970,18,18,2.96,2.46,3B-SS-2B,alfoned01
15,Luis Alicea,31,ANA,AL,117,108,105,975.0,522,223,287,12,59,.977,7,8,4.71,4.36,2B-3B,alicelu01
16,Jermaine Allensworth,25,PIT,NL,104,94,88,837.2,198,189,5,4,1,.980,-18,-25,2.08,1.87,OF,allenje01
17,Carlos Almanzar,23,TOR,AL,4,0,0,3.1,0,0,0,0,0,,,,0.00,0.00,P,almanca01
18,Roberto Alomar,29,BAL,AL,109,103,82,896.2,509,203,300,6,66,.988,-2,-3,5.05,4.61,2B,alomaro01
19,Sandy Alomar,31,CLE,AL,119,115,105,1005.0,795,743,40,12,8,.985,1,1,7.01,6.58,C,alomasa02
20,Moises Alou,30,FLA,NL,150,145,114,1276.1,255,248,4,3,1,.988,-4,-3,1.78,1.68,OF,aloumo01
21,Wilson Alvarez,27,TOT,ZZ,33,33,2,212.0,33,8,23,2,0,.939,,,1.32,0.94,P,alvarwi01
22,Rich Amaral,35,SEA,AL,75,43,32,421.2,135,103,29,3,8,.978,0,-1,2.82,1.67,OF-2B-1B-SS-3B,amarari01
23,Ruben Amaro,32,PHI,NL,72,25,18,300.0,82,79,2,1,1,.988,6,22,2.43,1.11,OF-1B,amaroru02
24,Brady Anderson,33,BAL,AL,124,123,116,1096.0,282,277,2,3,0,.989,-14,-15,2.29,2.25,OF,anderbr01
25,Brian Anderson,25,CLE,AL,8,8,0,48.0,11,0,11,0,0,1.000,,,2.06,1.38,P,anderbr02
26,Garret Anderson,25,ANA,AL,148,148,132,1326.0,360,343,14,3,2,.992,17,15,2.42,2.41,OF,anderga01
27,Shane Andrews,25,MON,NL,18,18,17,153.2,57,11,40,6,6,.895,1,8,2.99,2.83,3B,andresh01
28,Luis Andujar,24,TOR,AL,17,8,0,50.0,8,1,7,0,0,1.000,,,1.44,0.47,P,andujlu01
29,Eric Anthony,29,LAD,NL,21,14,11,125.2,29,26,2,1,1,.966,-2,-17,2.01,1.33,OF,anthoer01
30,Kevin Appier,29,KCR,AL,34,34,4,235.2,42,24,17,1,3,.976,,,1.57,1.21,P,appieke01
31,Alex Arias,29,FLA,NL,48,16,14,191.0,66,26,38,2,10,.970,-3,-20,3.02,1.33,3B-SS,ariasal01
32,George Arias,25,TOT,ZZ,9,4,4,56.0,20,4,15,1,0,.950,0,6,3.05,2.11,3B,ariasge01
33,René Arocha,33,SFG,NL,6,0,0,10.1,5,1,4,0,0,1.000,,,4.35,0.83,P,arochre01
34,Andy Ashby,29,SDP,NL,30,30,2,200.2,51,16,34,1,0,.980,,,2.24,1.67,P,ashbyan01
35,Billy Ashley,26,LAD,NL,35,31,7,225.0,45,39,2,4,0,.911,-10,-52,1.64,1.17,OF,ashlebi01
36,Paul Assenmacher,36,CLE,AL,75,0,0,49.0,11,5,6,0,0,1.000,,,2.02,0.15,P,assenpa01
37,Pedro Astacio,28,TOT,NL,33,31,2,202.1,59,20,38,1,3,.983,,,2.58,1.76,P,astacpe01
38,Rich Aurilia,25,SFG,NL,36,22,15,223.0,141,47,91,3,19,.979,2,8,5.57,3.83,SS,aurilri01
39,Brad Ausmus,28,HOU,NL,129,113,111,1032.2,887,807,73,7,16,.992,14,16,7.67,6.82,C,ausmubr01
40,Bruce Aven,25,CLE,AL,13,3,2,52.0,16,15,1,0,0,1.000,1,21,2.77,1.23,OF,avenbr01
41,Steve Avery,27,BOS,AL,22,18,0,96.2,19,0,19,0,1,1.000,,,1.77,0.86,P,averyst01
42,Bobby Ayala,27,SEA,AL,71,0,0,96.2,18,11,7,0,1,1.000,,,1.68,0.25,P,ayalabo01
43,Manny Aybar,25,STL,NL,12,12,0,68.0,15,3,10,2,0,.867,,,1.72,1.08,P,aybarma01
44,Carlos Baerga,28,NYM,NL,131,122,90,1048.2,629,244,371,14,88,.978,3,3,5.28,4.69,2B,baergca01
45,Jeff Bagwell,29,HOU,NL,159,156,149,1390.0,1552,1404,137,11,140,.993,9,7,9.98,9.69,1B,bagweje01
46,Scott Bailes,35,TEX,AL,24,0,0,22.0,8,2,6,0,1,1.000,,,3.27,0.33,P,bailesc01
47,Cory Bailey,26,SFG,NL,7,0,0,9.2,0,0,0,0,0,,,,0.00,0.00,P,baileco01
48,Roger Bailey,26,COL,NL,29,29,5,191.0,65,12,53,0,7,1.000,,,3.06,2.24,P,bailero01
49,Harold Baines,38,CHW,AL,1,0,0,2.0,0,0,0,0,0,,0,0,0.00,0.00,OF,baineha01
50,James Baldwin,25,CHW,AL,32,32,1,200.0,39,15,22,2,0,.949,,,1.67,1.16,P,baldwja01
51,Brian Banks,26,MIL,AL,21,16,16,147.2,39,30,7,2,0,.949,1,11,2.26,1.76,OF-1B-3B,banksbr01
52,Willie Banks,28,NYY,AL,5,1,0,14.0,4,0,4,0,1,1.000,,,2.57,0.80,P,bankswi01
53,Manuel Barrios,22,HOU,NL,2,0,0,3.0,0,0,0,0,0,,,,0.00,0.00,P,barrima01
54,Tony Barron,30,PHI,NL,53,51,47,454.2,116,111,3,2,1,.983,12,32,2.26,2.15,OF,barroto01
55,Kimera Bartee,24,DET,AL,6,0,0,14.0,3,3,0,0,0,1.000,-1,-77,1.93,0.50,OF,barteki01
56,Rich Batchelor,30,TOT,NL,23,0,0,28.2,6,3,2,1,0,.833,,,1.57,0.22,P,batchri01
57,Jason Bates,26,COL,NL,42,25,16,238.2,115,44,68,3,24,.974,-5,-25,4.22,2.55,SS-2B-3B,batesja01
58,Miguel Batista,26,CHC,NL,11,6,0,36.1,8,2,6,0,0,1.000,,,1.98,0.73,P,batismi01
59,Tony Batista,23,OAK,AL,65,55,44,485.2,278,96,174,8,38,.971,-1,-3,5.00,4.09,SS-3B-2B,batisto01
60,Danny Bautista,25,ATL,NL,57,18,13,255.0,61,59,1,1,1,.984,6,27,2.12,1.05,OF,bautida01
61,Jose Bautista,32,TOT,ZZ,32,0,0,52.2,8,5,3,0,1,1.000,,,1.37,0.25,P,bautijo01
62,Trey Beamon,23,SDP,NL,20,8,6,102.2,22,17,3,2,0,.909,-3,-30,1.75,1.00,OF,beamotr01
63,Rod Beck,28,SFG,NL,73,0,0,70.0,12,7,4,1,2,.917,,,1.41,0.15,P,beckro01
64,Rich Becker,25,MIN,AL,128,116,95,1041.2,329,319,5,5,0,.985,3,4,2.80,2.53,OF,beckeri01
65,Robbie Beckett,24,COL,NL,2,0,0,1.2,0,0,0,0,0,,,,0.00,0.00,P,beckero01
66,Matt Beech,25,PHI,NL,24,24,0,136.2,24,6,18,0,2,1.000,,,1.58,1.00,P,beechma01
67,Tim Belcher,35,KCR,AL,32,32,3,213.1,45,23,22,0,1,1.000,,,1.90,1.41,P,belchti01
68,Stan Belinda,30,CIN,NL,84,0,0,99.1,7,3,4,0,0,1.000,,,0.63,0.08,P,belinst01
69,David Bell,24,STL,NL,62,34,18,358.2,158,55,95,8,12,.949,-6,-20,3.76,2.11,3B-2B-SS,bellda01
70,Derek Bell,28,HOU,NL,125,121,113,1075.2,239,226,5,8,2,.967,9,10,1.93,1.85,OF,bellde01
71,Jay Bell,31,KCR,AL,152,147,137,1298.0,689,229,450,10,105,.985,11,10,4.71,4.44,SS-3B,bellja01
72,Albert Belle,30,CHW,AL,154,154,136,1333.0,362,351,1,10,0,.972,-8,-7,2.38,2.29,OF,belleal01
73,Mark Bellhorn,22,OAK,AL,57,53,41,451.2,204,72,123,9,24,.956,-4,-11,3.89,3.36,3B-2B-SS,bellhma01
74,Rafael Belliard,35,ATL,NL,60,15,8,230.1,107,37,69,1,14,.991,3,13,4.14,1.77,SS-2B,bellira01
75,Rigo Beltran,27,STL,NL,35,4,0,54.1,15,4,10,1,0,.933,,,2.32,0.40,P,beltrri01
76,Marvin Benard,26,SFG,NL,36,12,6,161.2,30,27,2,1,0,.967,0,-2,1.61,0.81,OF,benarma01
77,Alan Benes,25,STL,NL,23,23,2,161.2,25,13,12,0,3,1.000,,,1.39,1.09,P,benesal01
78,Andy Benes,29,STL,NL,26,26,0,177.0,23,8,14,1,0,.957,,,1.12,0.85,P,benesan01
79,Armando Benitez,24,BAL,AL,71,0,0,73.1,4,1,3,0,0,1.000,,,0.49,0.06,P,benitar01
80,Yamil Benitez,24,KCR,AL,52,52,40,438.0,115,111,0,4,0,.965,-1,-4,2.28,2.13,OF,benitya01
81,Mike Benjamin,31,BOS,AL,44,28,24,278.2,137,50,81,6,15,.956,5,20,4.23,2.91,3B-SS-2B-1B-P,benjami01
82,Shayne Bennett,25,MON,NL,16,0,0,22.2,2,1,1,0,0,1.000,,,0.79,0.13,P,bennesh01
83,Jeff Berblinger,26,STL,NL,4,1,0,11.0,8,4,4,0,2,1.000,-1,-65,6.55,2.00,2B,berblje01
84,Jason Bere,26,CHW,AL,6,6,0,28.2,4,1,2,1,1,.750,,,0.94,0.50,P,bereja01
85,Sean Bergman,27,SDP,NL,44,9,0,99.0,28,5,20,3,0,.893,,,2.27,0.57,P,bergmse01
86,Geronimo Berroa,32,TOT,AL,83,82,49,661.1,147,141,2,4,0,.973,-19,-34,1.95,1.72,OF,berroge01
87,Sean Berry,31,HOU,NL,85,79,38,629.1,203,47,140,16,11,.921,-7,-13,2.67,2.20,3B,berryse01
88,Damon Berryhill,33,SFG,NL,51,44,31,371.2,320,293,24,3,3,.991,-2,-6,7.68,6.10,C-1B,berryda01
89,Mike Bertotti,27,CHW,AL,9,0,0,3.2,0,0,0,0,0,,,,0.00,0.00,P,bertomi01
90,Brian Bevil,25,KCR,AL,18,0,0,16.1,1,1,0,0,0,1.000,,,0.55,0.06,P,bevilbr01
91,Dante Bichette,33,COL,NL,139,137,69,1090.0,232,225,4,3,1,.987,-6,-7,1.89,1.65,OF,bicheda01
92,Mike Bielecki,37,ATL,NL,50,0,0,57.1,12,4,7,1,1,.917,,,1.73,0.22,P,bielemi01
93,Steve Bieser,29,NYM,NL,22,11,4,108.1,34,32,2,0,0,1.000,0,2,2.82,1.48,OF-C,biesest01
94,Craig Biggio,31,HOU,NL,160,155,146,1384.1,863,341,504,18,108,.979,19,16,5.49,5.28,2B,biggicr01
95,Willie Blair,31,DET,AL,29,27,2,175.0,24,9,14,1,2,.958,,,1.18,0.79,P,blairwi01
96,Henry Blanco,25,LAD,NL,2,0,0,6.2,5,5,0,0,0,1.000,0,0,6.75,2.50,1B-3B,blanche01
97,Jeff Blauser,31,ATL,NL,149,147,109,1235.0,592,204,372,16,79,.973,-2,-2,4.20,3.87,SS,blausje01
98,Ron Blazier,25,PHI,NL,36,0,0,53.2,5,4,1,0,1,1.000,,,0.84,0.14,P,blaziro01
99,Mike Blowers,32,SEA,AL,64,45,21,378.0,310,271,35,4,28,.987,-1,-3,7.29,4.71,1B-3B-OF,blowemi01
100,Doug Bochtler,26,SDP,NL,54,0,0,60.1,11,4,5,2,0,.818,,,1.34,0.17,P,bochtdo01
101,Brian Boehringer,28,NYY,AL,34,0,0,48.0,7,2,5,0,1,1.000,,,1.31,0.21,P,boehrbr01
102,Tim Bogar,30,HOU,NL,93,74,50,658.1,345,110,229,6,55,.983,15,27,4.63,3.57,SS-3B-1B,bogarti01
103,Wade Boggs,39,NYY,AL,77,70,53,612.0,186,42,140,4,15,.978,4,8,2.68,2.36,3B-P,boggswa01
104,Brian Bohanon,28,NYM,NL,19,14,0,94.1,15,2,13,0,0,1.000,,,1.43,0.79,P,bohanbr01
105,Barry Bonds,32,SFG,NL,159,158,141,1372.1,305,290,10,5,0,.984,14,12,1.97,1.89,OF,bondsba01
106,Ricky Bones,28,TOT,ZZ,30,13,1,96.0,25,8,15,2,1,.920,,,2.16,0.77,P,bonesri01
107,Bobby Bonilla,34,FLA,NL,149,149,111,1271.1,354,106,226,22,29,.938,-13,-13,2.35,2.20,3B-1B,bonilbo01
108,Aaron Boone,24,CIN,NL,13,11,7,99.1,36,11,22,3,0,.917,-4,-48,2.99,2.36,3B-2B,booneaa01
109,Bret Boone,28,CIN,NL,136,127,112,1115.1,607,271,334,2,74,.997,-4,-4,4.88,4.45,2B,boonebr01
110,Josh Booty,22,FLA,NL,4,1,1,13.1,7,1,5,1,1,.857,0,36,4.05,1.50,3B,bootyjo01
111,Pat Borders,34,CLE,AL,53,45,40,399.2,331,312,19,0,2,1.000,-2,-6,7.45,6.25,C,bordepa01
112,Mike Bordick,31,BAL,AL,153,151,134,1335.1,660,223,424,13,95,.980,14,13,4.36,4.23,SS,bordimi01
113,Toby Borland,28,TOT,ZZ,16,0,0,16.2,4,2,1,1,0,.750,,,1.62,0.19,P,borlato02
114,Joe Borowski,26,TOT,ZZ,21,0,0,26.0,7,4,3,0,2,1.000,,,2.42,0.33,P,borowjo01
115,Shawn Boskie,30,BAL,AL,28,9,0,77.0,17,6,11,0,1,1.000,,,1.99,0.61,P,boskish01
116,Ricky Bottalico,27,PHI,NL,69,0,0,74.0,9,4,5,0,1,1.000,,,1.09,0.13,P,bottari01
117,Kent Bottenfield,28,CHC,NL,64,0,0,84.0,10,5,5,0,0,1.000,,,1.07,0.16,P,botteke01
118,Rafael Bournigal,31,OAK,AL,79,61,39,550.0,305,100,199,6,40,.980,-5,-12,4.89,3.69,SS-2B,bournra01
119,Mike Bovee,23,ANA,AL,3,0,0,3.1,0,0,0,0,0,,,,0.00,0.00,P,boveemi01
120,Shane Bowers,25,MIN,AL,5,5,0,19.0,5,2,2,1,0,.800,,,1.89,0.80,P,bowersh01
121,Darren Bragg,27,BOS,AL,150,134,118,1227.1,381,365,11,5,3,.987,20,20,2.76,2.49,OF-3B,braggda01
122,Mark Brandenburg,26,BOS,AL,31,0,0,41.0,10,5,5,0,0,1.000,,,2.20,0.32,P,brandma01
123,Jeff Branson,30,TOT,ZZ,71,35,23,397.1,179,58,116,5,25,.972,1,4,3.94,2.20,2B-3B-SS,bransje01
124,Jeff Brantley,33,CIN,NL,13,0,0,11.2,0,0,0,0,0,,,,0.00,0.00,P,brantje01
125,Brent Brede,25,MIN,AL,54,48,39,420.1,201,188,9,4,9,.980,-3,-7,4.22,3.46,OF-1B,bredebr01
126,Billy Brewer,29,TOT,ZZ,28,0,0,24.0,4,0,4,0,0,1.000,,,1.50,0.14,P,brewebi01
127,Tilson Brito,25,TOT,AL,65,47,42,447.2,197,69,123,5,31,.975,-2,-6,3.86,2.82,2B-3B-SS,britoti01
128,Doug Brocail,30,DET,AL,61,4,0,78.0,18,6,12,0,0,1.000,,,2.08,0.30,P,brocado01
129,Chris Brock,27,ATL,NL,7,6,0,30.2,15,6,9,0,0,1.000,,,4.40,2.14,P,brockch01
130,Rico Brogna,27,PHI,NL,145,137,131,1200.0,1179,1053,119,7,100,.994,-17,-17,8.79,8.08,1B,brognri01
131,Scott Brosius,30,OAK,AL,128,123,85,1098.2,399,142,247,10,31,.975,11,12,3.19,2.45,3B-OF-SS,brosisc01
132,Adrian Brown,23,PIT,NL,38,36,36,318.1,78,74,3,1,1,.987,-6,-22,2.18,2.03,OF,brownad01
133,Brant Brown,26,CHC,NL,38,37,21,284.2,130,121,7,2,7,.985,-3,-11,4.05,3.28,OF-1B,brownbr01
134,Emil Brown,22,PIT,NL,42,18,16,205.0,58,53,2,3,1,.948,-1,-8,2.41,1.31,OF,brownem01
135,Kevin Brown,32,FLA,NL,33,33,6,237.1,81,36,44,1,3,.988,,,3.03,2.42,P,brownke01
136,Kevin Brown,24,TEX,AL,4,1,1,13.0,10,9,0,1,0,.900,0,0,6.23,2.25,C,brownke04
137,Jacob Brumfield,32,TOR,AL,47,36,33,354.2,93,87,6,0,1,1.000,6,22,2.36,1.98,OF,brumfja01
138,Jim Bruske,32,SDP,NL,28,0,0,44.2,6,2,4,0,1,1.000,,,1.21,0.21,P,bruskji01
139,Damon Buford,27,TEX,AL,117,102,92,909.2,292,282,7,3,4,.990,9,12,2.86,2.47,OF,buforda01
140,Jay Buhner,32,SEA,AL,154,153,133,1326.0,301,295,5,1,3,.997,-13,-11,2.04,1.95,OF,buhneja01
141,Jim Bullinger,31,MON,NL,36,25,2,155.1,42,12,30,0,2,1.000,,,2.43,1.17,P,bulliji01
142,Dave Burba,30,CIN,NL,30,27,2,160.0,38,13,24,1,0,.974,,,2.08,1.23,P,burbada01
143,John Burke,27,COL,NL,17,9,0,59.0,11,4,6,1,1,.909,,,1.53,0.59,P,burkejo04
144,John Burkett,32,TEX,AL,30,30,2,189.1,41,12,28,1,1,.976,,,1.90,1.33,P,burkejo03
145,Ellis Burks,32,COL,NL,112,106,45,900.1,217,207,6,4,1,.982,-10,-13,2.13,1.90,OF,burksel01
146,Jeromy Burnitz,28,MIL,AL,149,132,115,1191.2,276,256,13,7,3,.975,8,8,2.03,1.81,OF,burnije01
147,Terry Burrows,28,SDP,NL,13,0,0,10.1,2,1,1,0,0,1.000,,,1.74,0.15,P,burrote01
148,Mike Busby,24,STL,NL,3,3,0,14.1,2,0,2,0,0,1.000,,,1.26,0.67,P,busbymi01
149,Homer Bush,24,NYY,AL,8,1,1,30.2,23,8,13,2,2,.913,-1,-39,6.16,2.63,2B,bushho01
150,Brett Butler,40,LAD,NL,91,87,50,730.2,167,163,4,0,2,1.000,-10,-16,2.06,1.84,OF,butlebr01
151,Rich Butler,24,TOR,AL,3,3,3,27.0,5,5,0,0,0,1.000,0,13,1.67,1.67,OF,butleri01
152,Rob Butler,27,PHI,NL,25,16,12,153.1,36,33,3,0,2,1.000,0,-3,2.11,1.44,OF,butlero01
153,Paul Byrd,26,ATL,NL,31,4,0,53.0,11,6,4,1,0,.909,,,1.70,0.32,P,byrdpa01
154,Jose Cabrera,25,HOU,NL,12,0,0,15.1,3,1,2,0,0,1.000,,,1.76,0.25,P,cabrejo01
155,Orlando Cabrera,22,MON,NL,8,3,1,40.0,27,11,15,1,3,.963,1,30,5.85,2.60,2B-SS,cabreor01
156,Greg Cadaret,35,ANA,AL,15,0,0,13.2,1,1,0,0,0,1.000,,,0.66,0.07,P,cadargr01
157,Miguel Cairo,23,CHC,NL,10,5,3,60.0,34,16,18,0,7,1.000,1,12,5.10,3.09,2B-SS,cairomi01
158,Mike Cameron,24,CHW,AL,112,107,77,941.2,344,334,5,5,2,.985,18,23,3.24,3.03,OF,camermi01
159,Ken Caminiti,34,SDP,NL,133,133,110,1117.0,405,90,291,24,20,.941,-11,-12,3.07,2.86,3B,caminke01
160,Casey Candaele,36,CLE,AL,9,4,3,46.1,35,10,25,0,4,1.000,1,16,6.80,3.50,2B-3B,candaca01
161,Tom Candiotti,40,LAD,NL,41,18,0,135.0,32,7,24,1,2,.969,,,2.07,0.76,P,candito01
162,John Cangelosi,34,FLA,NL,59,32,23,331.0,85,84,1,0,0,1.000,7,27,2.31,1.44,OF-P,cangejo01
163,Jose Canseco,32,OAK,AL,44,44,32,361.0,81,74,2,5,0,.938,-9,-29,1.89,1.73,OF,cansejo01
164,Dan Carlson,27,SFG,NL,6,0,0,15.1,2,1,1,0,0,1.000,,,1.17,0.33,P,carlsda01
165,Rafael Carmona,25,SEA,AL,4,0,0,5.2,1,1,0,0,0,1.000,,,1.59,0.25,P,carmora01
166,Chris Carpenter,22,TOR,AL,14,13,1,81.1,13,7,5,1,1,.923,,,1.33,0.86,P,carpech01
167,Chuck Carr,29,TOT,ZZ,82,58,52,548.0,144,136,4,4,1,.972,1,3,2.30,1.71,OF,carrch02
168,Giovanni Carrara,29,CIN,NL,2,2,0,10.1,3,0,3,0,0,1.000,,,2.61,1.50,P,carragi01
169,Hector Carrasco,27,TOT,ZZ,66,0,0,86.0,15,4,10,1,0,.933,,,1.47,0.21,P,carrahe01
170,Joe Carter,37,TOR,AL,93,93,84,802.2,456,429,23,4,24,.991,-4,-5,5.07,4.86,OF-1B,cartejo01
171,Raul Casanova,24,DET,AL,92,83,69,725.1,590,543,38,9,6,.985,-2,-3,7.21,6.32,C,casanra01
172,Sean Casey,22,CLE,AL,1,0,0,3.0,2,2,0,0,0,1.000,0,40,6.00,2.00,1B,caseyse01
173,Larry Casian,31,TOT,ZZ,44,0,0,36.1,7,2,5,0,0,1.000,,,1.73,0.16,P,casiala01
174,Vinny Castilla,29,COL,NL,157,155,152,1372.0,456,112,323,21,41,.954,2,2,2.85,2.77,3B,castivi02
175,Alberto Castillo,27,NYM,NL,34,18,8,178.0,152,142,8,2,0,.987,0,0,7.58,4.41,C,castial01
176,Carlos Castillo,22,CHW,AL,37,2,0,66.1,6,1,5,0,0,1.000,,,0.81,0.16,P,castica02
177,Frank Castillo,28,TOT,NL,34,33,0,184.1,30,7,22,1,1,.967,,,1.42,0.85,P,castifr01
178,Luis Castillo,21,FLA,NL,70,64,59,576.0,315,129,177,9,44,.971,-2,-4,4.78,4.37,2B,castilu01
179,Tony Castillo,34,CHW,AL,64,0,0,62.1,25,3,19,3,0,.880,,,3.18,0.34,P,castito02
180,Juan Castro,25,LAD,NL,37,22,12,213.2,102,36,65,1,10,.990,5,25,4.25,2.59,SS-2B-3B,castrju01
181,Frank Catalanotto,23,DET,AL,6,4,2,34.0,16,7,9,0,0,1.000,-3,-109,4.24,2.67,2B,catalfr01
182,Mike Cather,26,ATL,NL,35,0,0,37.2,8,1,7,0,0,1.000,,,1.91,0.23,P,cathemi01
183,Domingo Cedeno,28,TEX,AL,104,86,79,791.0,422,146,259,17,58,.960,-7,-11,4.61,3.65,2B-SS-3B,cedendo01
184,Roger Cedeno,22,LAD,NL,71,47,41,460.0,151,148,1,2,0,.987,-2,-5,2.92,2.10,OF,cedenro01
185,Norm Charlton,34,SEA,AL,71,0,0,69.1,21,5,13,3,0,.857,,,2.34,0.25,P,charlno01
186,Anthony Chavez,26,ANA,AL,7,0,0,9.2,4,0,4,0,0,1.000,,,3.72,0.57,P,chavean01
187,Raul Chavez,24,MON,NL,13,5,5,67.0,55,47,8,0,1,1.000,0,0,7.39,4.23,C,chavera01
188,Robinson Checo,25,BOS,AL,5,2,0,13.1,0,0,0,0,0,,,,0.00,0.00,P,checoro01
189,Jason Christiansen,27,PIT,NL,39,0,0,33.2,6,1,4,1,0,.833,,,1.34,0.13,P,chrisja01
190,Archi Cianfrocco,30,SDP,NL,85,54,38,534.0,385,262,116,7,27,.982,-11,-24,6.37,3.94,3B-1B-2B-SS-OF,cianfar01
191,Jeff Cirillo,27,MIL,AL,150,148,136,1294.1,463,126,320,17,29,.963,19,17,3.10,2.97,3B,cirilje01
192,Dave Clark,34,CHC,NL,25,20,9,161.0,43,39,2,2,0,.953,-3,-20,2.29,1.64,OF,clarkda05
193,Mark Clark,29,TOT,NL,32,31,3,205.0,45,11,32,2,1,.956,,,1.89,1.34,P,clarkma01
194,Terry Clark,36,TOT,AL,13,9,0,57.0,21,9,11,1,2,.952,,,3.16,1.54,P,clarkte01
195,Tony Clark,25,DET,AL,158,157,146,1383.2,1533,1423,100,10,131,.993,-3,-3,9.91,9.64,1B,clarkto02
196,Will Clark,33,TEX,AL,100,98,92,848.0,946,880,62,4,86,.996,8,11,10.00,9.42,1B,clarkwi02
197,Royce Clayton,27,STL,NL,153,145,132,1287.1,699,228,452,19,93,.973,15,14,4.75,4.44,SS,claytro01
198,Roger Clemens,34,TOR,AL,34,34,9,264.0,51,11,39,1,1,.980,,,1.70,1.47,P,clemero02
199,Chris Clemons,24,CHW,AL,5,2,0,12.2,2,1,1,0,0,1.000,,,1.42,0.40,P,clemoch01
200,Brad Clontz,26,ATL,NL,51,0,0,48.0,7,0,5,2,0,.714,,,0.94,0.10,P,clontbr01
201,Ken Cloude,22,SEA,AL,10,9,0,51.0,10,5,4,1,0,.900,,,1.59,0.90,P,cloudke01
202,Danny Clyburn,23,BAL,AL,1,0,0,3.0,0,0,0,0,0,,0,0,0.00,0.00,OF,clybuda01
203,Greg Colbrunn,27,TOT,ZZ,78,56,45,522.1,577,529,41,7,63,.988,-5,-12,9.82,7.31,1B,colbrgr01
204,Michael Coleman,21,BOS,AL,7,7,5,60.1,17,16,0,1,0,.941,2,46,2.39,2.29,OF,colemmi01
205,Vince Coleman,35,DET,AL,3,1,1,15.0,3,3,0,0,0,1.000,0,-8,1.80,1.00,OF,colemvi01
206,Darnell Coles,35,COL,NL,5,1,1,17.0,3,0,3,0,0,1.000,0,28,1.59,0.60,3B-OF,colesda01
207,Lou Collier,23,PIT,NL,18,9,8,92.1,45,9,36,0,7,1.000,2,26,4.39,2.50,SS,collilo01
208,Bartolo Colon,24,CLE,AL,19,17,1,94.0,28,6,17,5,3,.821,,,2.20,1.21,P,colonba01
209,David Cone,34,NYY,AL,29,29,1,195.0,24,9,13,2,0,.917,,,1.02,0.76,P,coneda01
210,Jeff Conine,31,FLA,NL,145,102,85,997.2,1011,899,104,8,101,.992,9,11,9.05,6.87,1B-OF,coninje01
211,Jim Converse,25,KCR,AL,3,0,0,5.0,1,1,0,0,0,1.000,,,1.80,0.33,P,conveji01
212,Dennis Cook,34,FLA,NL,59,0,0,62.1,12,3,9,0,2,1.000,,,1.73,0.20,P,cookde01
213,Steve Cooke,27,PIT,NL,32,32,0,167.1,40,10,29,1,1,.975,,,2.10,1.22,P,cookest01
214,Ron Coomer,30,MIN,AL,130,126,106,1102.2,357,123,223,11,27,.969,0,0,2.82,2.56,3B-OF-1B,coomero01
215,Scott Cooper,29,KCR,AL,45,30,24,296.2,103,48,55,0,8,1.000,2,9,3.12,2.19,3B-1B,coopesc01
216,Rocky Coppinger,23,BAL,AL,5,4,0,20.0,2,1,1,0,0,1.000,,,0.90,0.40,P,coppiro01
217,Joey Cora,32,SEA,AL,142,138,120,1192.2,634,307,310,17,81,.973,-13,-13,4.66,4.35,2B,corajo01
218,Wil Cordero,25,BOS,AL,137,137,126,1203.1,261,248,11,2,4,.992,15,14,1.94,1.88,OF-2B,cordewi01
219,Francisco Cordova,25,PIT,NL,29,29,2,178.2,51,16,32,3,3,.941,,,2.42,1.66,P,cordofr01
220,Marty Cordova,27,MIN,AL,101,99,89,863.2,231,217,12,2,2,.991,-6,-8,2.39,2.27,OF,cordoma01
221,Rheal Cormier,30,MON,NL,1,1,0,1.1,0,0,0,0,0,,,,0.00,0.00,P,cormirh01
222,Jim Corsi,35,BOS,AL,52,0,0,57.2,16,6,9,1,0,.938,,,2.34,0.29,P,corsiji01
223,Craig Counsell,26,FLA,NL,51,47,42,425.2,276,124,149,3,37,.989,3,8,5.77,5.35,2B,counscr01
224,Tim Crabtree,27,TOR,AL,37,0,0,40.2,11,3,8,0,1,1.000,,,2.43,0.30,P,crabtti01
225,Joe Crawford,27,NYM,NL,19,2,0,46.1,10,1,9,0,0,1.000,,,1.94,0.53,P,crawfjo01
226,Doug Creek,28,SFG,NL,3,3,0,13.1,3,1,2,0,0,1.000,,,2.03,1.00,P,creekdo01
227,Felipe Crespo,24,TOR,AL,8,8,7,64.0,19,9,9,1,1,.947,-1,-9,2.53,2.25,3B-2B,crespfe01
228,Tripp Cromer,29,LAD,NL,27,25,20,212.1,111,47,61,3,11,.973,1,5,4.58,3.86,2B-SS-3B,crometr01
229,Jim Crowell,23,CIN,NL,2,1,0,6.1,4,2,2,0,0,1.000,,,5.68,2.00,P,croweji01
230,Deivi Cruz,24,DET,AL,147,133,110,1184.0,625,192,420,13,94,.979,-3,-3,4.65,4.16,SS,cruzde01
231,Ivan Cruz,29,NYY,AL,4,0,0,12.0,8,8,0,0,0,1.000,0,-40,6.00,2.00,1B-OF,cruziv01
232,Jacob Cruz,24,SFG,NL,11,4,1,43.1,15,12,2,1,1,.933,1,39,2.91,1.27,OF,cruzja01
233,José Cruz,23,TOT,AL,104,102,89,893.2,190,181,4,5,1,.974,4,5,1.86,1.78,OF,cruzjo02
234,Nelson Cruz,24,CHW,AL,19,0,0,26.1,4,3,1,0,0,1.000,,,1.37,0.21,P,cruzne01
235,John Cummings,28,DET,AL,19,0,0,24.2,6,1,5,0,0,1.000,,,2.19,0.32,P,cummijo01
236,Midre Cummings,25,TOT,NL,79,69,58,610.2,153,150,2,1,0,.993,6,11,2.24,1.92,OF,cummimi01
237,Will Cunnane,23,SDP,NL,54,8,0,91.1,20,12,6,2,2,.900,,,1.77,0.33,P,cunnawi01
238,Chad Curtis,28,TOT,AL,111,93,79,857.0,198,188,6,4,1,.980,-11,-15,2.04,1.75,OF,curtich01
239,Jeff D'Amico,21,MIL,AL,23,23,1,135.2,20,8,12,0,0,1.000,,,1.33,0.87,P,d'amije01
240,Omar Daal,25,TOT,ZZ,42,3,0,57.1,23,10,11,2,0,.913,,,3.30,0.50,P,daalom01
241,Johnny Damon,23,KCR,AL,136,118,90,1095.0,331,322,5,4,3,.988,9,10,2.69,2.40,OF,damonjo01
242,Danny Darwin,41,TOT,ZZ,31,24,1,157.1,35,8,27,0,2,1.000,,,2.00,1.13,P,darwida01
243,Jeff Darwin,27,CHW,AL,14,0,0,13.2,1,0,1,0,0,1.000,,,0.66,0.07,P,darwije01
244,Darren Daulton,35,TOT,NL,115,111,46,828.2,422,392,23,7,23,.983,2,3,4.51,3.61,OF-1B,daultda01
245,Eric Davis,35,BAL,AL,30,29,21,244.2,40,39,0,1,0,.975,0,-1,1.43,1.30,OF,daviser01
246,Mark Davis,36,MIL,AL,19,0,0,16.1,7,2,5,0,1,1.000,,,3.86,0.37,P,davisma01
247,Russ Davis,27,SEA,AL,117,112,102,992.0,293,56,219,18,24,.939,-4,-5,2.49,2.35,3B,davisru01
248,Tim Davis,26,SEA,AL,2,0,0,6.2,1,0,1,0,0,1.000,,,1.35,0.50,P,davisti01
249,Roland de la Maza,25,KCR,AL,1,0,0,2.0,0,0,0,0,0,,,,0.00,0.00,P,delamro01
250,Rick DeHart,27,MON,NL,23,0,0,29.1,6,1,5,0,0,1.000,,,1.84,0.26,P,deharri01
251,Mike DeJean,26,COL,NL,55,0,0,67.2,18,5,11,2,0,.889,,,2.13,0.29,P,dejeami01
252,Carlos Delgado,25,TOR,AL,119,116,113,1035.2,1041,962,67,12,98,.988,-8,-9,8.94,8.65,1B,delgaca01
253,Wilson Delgado,24,SFG,NL,4,0,0,12.0,5,2,3,0,1,1.000,0,20,3.75,1.25,2B-SS,delgawi01
254,David Dellucci,23,BAL,AL,9,4,3,49.0,20,19,1,0,0,1.000,3,76,3.67,2.22,OF,delluda01
255,Rich DeLucia,32,TOT,ZZ,36,0,0,44.0,7,2,5,0,2,1.000,,,1.43,0.19,P,delucri01
256,Delino DeShields,28,STL,NL,147,137,121,1226.0,688,271,398,19,93,.972,3,3,4.91,4.55,2B,deshide01
257,Elmer Dessens,26,PIT,NL,3,0,0,3.1,2,1,1,0,0,1.000,,,5.40,0.67,P,desseel01
258,Mike Devereaux,34,TEX,AL,28,20,13,182.0,40,40,0,0,0,1.000,1,8,1.98,1.43,OF,devermi01
259,Alex Diaz,28,TEX,AL,24,21,20,200.1,58,54,3,1,0,.983,-1,-5,2.56,2.28,OF-2B-1B,diazal01
260,Eddy Diaz,25,MIL,AL,15,13,11,109.0,62,27,35,0,10,1.000,-2,-20,5.12,3.88,2B-SS-3B,diazed02
261,Einar Díaz,24,CLE,AL,5,1,0,21.0,22,18,3,1,0,.955,0,0,9.00,4.20,C,diazei01
262,Jason Dickson,24,ANA,AL,33,32,2,203.2,30,8,20,2,1,.933,,,1.24,0.85,P,dicksja01
263,Mike Difelice,28,STL,NL,92,81,54,689.2,657,587,64,6,10,.991,1,2,8.50,7.08,C-1B,difelmi01
264,Jerry Dipoto,29,COL,NL,74,0,0,95.2,19,7,11,1,0,.947,,,1.69,0.24,P,dipotje01
265,Gary Disarcina,29,ANA,AL,153,150,140,1330.1,663,227,421,15,85,.977,7,6,4.38,4.24,SS,disarga01
266,Glenn Dishman,26,DET,AL,7,4,0,29.0,10,3,7,0,1,1.000,,,3.10,1.43,P,dishmgl01
267,Doug Drabek,34,CHW,AL,31,31,0,169.1,35,14,20,1,0,.971,,,1.81,1.10,P,drabedo01
268,Darren Dreifort,25,LAD,NL,48,0,0,63.0,23,4,18,1,0,.957,,,3.14,0.46,P,dreifda01
269,Rob Ducey,32,SEA,AL,69,32,22,341.2,70,66,3,1,1,.986,5,17,1.82,1.00,OF,duceyro01
270,Mariano Duncan,34,TOT,AL,86,84,55,682.1,365,146,211,8,44,.978,-1,-2,4.71,4.15,2B-OF,duncama01
271,Todd Dunn,26,MIL,AL,27,18,10,159.2,44,39,1,4,0,.909,5,41,2.25,1.48,OF,dunnto01
272,Shawon Dunston,34,TOT,NL,130,128,74,1021.0,504,207,282,15,54,.970,-18,-21,4.31,3.68,SS-OF,dunstsh01
273,Todd Dunwoody,22,FLA,NL,14,12,11,110.0,28,26,0,2,0,.929,-2,-22,2.13,1.86,OF,dunwoto01
274,Roberto Duran,24,DET,AL,13,0,0,10.2,1,0,1,0,0,1.000,,,0.84,0.08,P,duranro01
275,Ray Durham,25,CHW,AL,153,153,150,1339.2,683,270,395,18,77,.974,-16,-15,4.47,4.35,2B,durhara01
276,Jermaine Dye,23,KCR,AL,75,67,61,605.1,177,164,7,6,3,.966,0,1,2.54,2.28,OF,dyeje01
277,Damion Easley,27,DET,AL,144,137,117,1230.0,660,243,405,12,82,.982,-11,-11,4.74,4.10,2B-SS,easleda01
278,Angel Echevarria,26,COL,NL,7,2,1,28.0,5,4,1,0,0,1.000,-1,-21,1.61,0.71,OF,echevan01
279,Dennis Eckersley,42,STL,NL,57,0,0,53.0,8,3,5,0,0,1.000,,,1.36,0.14,P,eckerde01
280,Jim Edmonds,27,ANA,AL,122,121,104,1051.2,417,396,16,5,7,.988,3,4,3.53,3.27,OF-1B,edmonji01
281,Robert Eenhoorn,29,ANA,AL,10,4,4,52.0,19,8,8,3,2,.842,0,7,2.77,1.60,3B-SS-2B,eenhoro01
282,Joey Eischen,27,CIN,NL,1,0,0,1.1,0,0,0,0,0,,,,0.00,0.00,P,eischjo01
283,Jim Eisenreich,38,FLA,NL,76,62,36,544.2,226,211,13,2,16,.991,-1,-2,3.70,2.67,OF-1B,eisenji01
284,Cal Eldred,29,MIL,AL,34,34,1,202.0,25,15,10,0,1,1.000,,,1.11,0.74,P,eldreca01
285,Kevin Elster,32,PIT,NL,39,39,36,336.1,178,54,123,1,22,.994,-6,-21,4.74,4.54,SS,elsteke01
286,Alan Embree,27,ATL,NL,66,0,0,46.0,8,1,7,0,0,1.000,,,1.57,0.12,P,embreal01
287,Angelo Encarnacion,28,ANA,AL,11,4,3,45.2,50,43,4,3,0,.940,-3,-79,9.26,4.27,C,encaran01
288,Juan Encarnacion,21,DET,AL,10,9,6,86.0,22,22,0,0,0,1.000,-1,-14,2.30,2.20,OF,encarju01
289,Todd Erdos,23,SDP,NL,11,0,0,13.2,4,2,2,0,0,1.000,,,2.63,0.36,P,erdosto01
290,John Ericks,29,PIT,NL,10,0,0,9.1,2,0,2,0,0,1.000,,,1.93,0.20,P,erickjo01
291,Scott Erickson,29,BAL,AL,34,33,3,221.2,66,17,43,6,6,.909,,,2.44,1.76,P,ericksc01
292,Darin Erstad,23,ANA,AL,127,121,116,1092.0,1077,1002,64,11,92,.990,3,3,8.79,8.39,1B-OF,erstada01
293,Kelvim Escobar,21,TOR,AL,27,0,0,31.0,2,0,2,0,1,1.000,,,0.58,0.07,P,escobke01
294,Vaughn Eshelman,28,BOS,AL,21,6,0,42.2,9,4,4,1,0,.889,,,1.69,0.38,P,eshelva01
295,Alvaro Espinoza,35,SEA,AL,31,20,11,180.2,102,42,57,3,14,.971,1,3,4.93,3.09,SS-2B-3B,espinal01
296,Bobby Estalella,22,PHI,NL,11,8,8,72.1,52,49,3,0,0,1.000,-1,-17,6.47,4.73,C,estalbo02
297,Shawn Estes,24,SFG,NL,32,32,3,201.0,45,10,34,1,2,.978,,,1.97,1.38,P,estessh01
298,Tony Eusebio,30,HOU,NL,43,42,29,364.1,317,297,16,4,4,.987,-4,-13,7.73,7.28,C,eusebto01
299,Tom Evans,22,TOR,AL,12,11,11,98.0,36,9,24,3,1,.917,0,1,3.03,2.75,3B,evansto01
300,Carl Everett,26,NYM,NL,128,101,70,925.2,241,226,8,7,3,.971,-7,-10,2.28,1.83,OF,evereca01
301,Bryan Eversgerd,28,TEX,AL,3,0,0,1.1,0,0,0,0,0,,,,0.00,0.00,P,eversbr01
302,Scott Eyre,25,CHW,AL,11,11,0,60.2,6,0,6,0,0,1.000,,,0.89,0.55,P,eyresc01
303,Jorge Fabregas,27,TOT,AL,114,94,81,832.2,660,601,51,8,9,.988,2,3,7.05,5.72,C-1B,fabrejo01
304,Steve Falteisek,25,MON,NL,5,0,0,8.0,2,1,1,0,0,1.000,,,2.25,0.40,P,faltest01
305,Sal Fasano,25,KCR,AL,12,10,8,90.0,57,53,3,1,2,.982,0,0,5.60,4.67,C,fasansa01
306,Jeff Fassero,34,SEA,AL,35,35,2,234.1,50,15,34,1,1,.980,,,1.88,1.40,P,fasseje01
307,Alex Fernandez,27,FLA,NL,32,32,5,220.2,61,20,40,1,3,.984,,,2.45,1.88,P,fernaal01
308,Osvaldo Fernandez,30,SFG,NL,11,11,0,56.1,9,3,5,1,0,.889,,,1.28,0.73,P,fernaos01
309,Sid Fernandez,34,HOU,NL,1,1,0,5.0,1,0,1,0,0,1.000,,,1.80,1.00,P,fernasi01
310,Tony Fernandez,35,CLE,AL,116,102,92,906.0,551,219,321,11,66,.980,10,14,5.36,4.54,2B-SS,fernato01
311,Mike Fetters,32,MIL,AL,51,0,0,70.1,15,2,12,1,0,.933,,,1.79,0.27,P,fettemi01
312,Cecil Fielder,33,NYY,AL,8,8,6,67.1,65,59,6,0,8,1.000,1,25,8.69,8.13,1B,fieldce01
313,Mike Figga,26,NYY,AL,1,1,1,9.0,6,6,0,0,0,1.000,0,0,6.00,6.00,C,figgami01
314,Chuck Finley,34,ANA,AL,25,25,3,164.0,19,2,17,0,0,1.000,,,1.04,0.76,P,finlech01
315,Steve Finley,32,SDP,NL,140,131,123,1179.0,352,338,10,4,3,.989,-18,-18,2.66,2.49,OF,finlest01
316,John Flaherty,29,SDP,NL,124,119,97,1030.1,829,753,65,11,13,.987,-3,-3,7.15,6.60,C,flahejo01
317,Huck Flener,28,TOR,AL,8,1,0,17.1,0,0,0,0,0,,,,0.00,0.00,P,flenehu01
318,Darrin Fletcher,30,MON,NL,83,79,69,685.2,636,606,26,4,4,.994,-5,-9,8.30,7.61,C,fletcda01
319,Bryce Florie,27,MIL,AL,32,8,0,75.0,10,5,3,2,1,.800,,,0.96,0.25,P,floribr01
320,Cliff Floyd,24,FLA,NL,44,34,20,295.1,104,96,5,3,7,.971,-2,-7,3.08,2.15,OF-1B,floydcl01
321,Chad Fonville,26,TOT,MLB,10,5,4,56.0,19,9,8,2,0,.895,-2,-43,2.73,1.70,2B-SS-OF,fonvich01
322,Tom Fordham,23,CHW,AL,7,1,0,17.1,2,0,2,0,0,1.000,,,1.04,0.29,P,fordhto01
323,Brook Fordyce,27,CIN,NL,30,23,15,204.2,177,162,12,3,1,.983,-4,-23,7.65,5.80,C,fordybr01
324,Tony Fossas,39,STL,NL,71,0,0,51.2,18,2,16,0,1,1.000,,,3.14,0.25,P,fossato01
325,Kevin Foster,28,CHC,NL,26,25,1,146.1,20,6,14,0,0,1.000,,,1.23,0.77,P,fosteke01
326,Keith Foulke,24,TOT,ZZ,27,8,0,73.1,19,6,11,2,1,.895,,,2.09,0.63,P,foulkke01
327,Andy Fox,26,NYY,AL,18,8,5,100.1,49,18,30,1,7,.980,1,12,4.31,2.40,3B-2B-SS-OF,foxan01
328,Chad Fox,26,ATL,NL,30,0,0,27.1,2,2,0,0,0,1.000,,,0.66,0.07,P,foxch02
329,John Franco,36,NYM,NL,59,0,0,60.0,18,4,14,0,1,1.000,,,2.70,0.31,P,francjo01
330,Julio Franco,38,TOT,AL,48,47,37,412.0,300,178,118,4,43,.987,-1,-4,6.47,6.04,2B-1B,francju01
331,Matt Franco,27,NYM,NL,52,23,10,241.0,117,61,52,4,11,.966,-1,-4,4.22,2.13,3B-1B-OF,francma01
332,Micah Franklin,25,STL,NL,13,7,6,66.1,13,13,0,0,0,1.000,1,14,1.76,1.00,OF,frankmi01
333,John Frascatore,27,STL,NL,59,0,0,80.0,10,5,5,0,0,1.000,,,1.13,0.17,P,frascjo01
334,Hanley Frias,23,TEX,AL,13,7,7,71.0,25,12,13,0,2,1.000,-3,-42,3.17,1.92,SS-2B,friasha01
335,Jeff Frye,30,BOS,AL,111,99,92,903.2,503,227,264,12,66,.976,0,0,4.89,4.27,2B-3B-OF-SS-1B,fryeje01
336,Travis Fryman,28,DET,AL,153,153,141,1331.2,448,126,312,10,21,.978,9,8,2.96,2.86,3B,frymatr01
337,Brad Fullmer,22,MON,NL,10,7,5,68.2,59,50,7,2,6,.966,-1,-19,7.47,5.70,1B-OF,fullmbr01
338,Gary Gaetti,38,STL,NL,139,131,101,1143.2,389,133,249,7,32,.982,15,16,3.01,2.50,3B-1B-P,gaettga01
339,Greg Gagne,35,LAD,NL,143,138,125,1223.0,548,174,358,16,54,.971,-4,-4,3.91,3.72,SS,gagnegr01
340,Eddie Gaillard,26,DET,AL,16,0,0,20.1,0,0,0,0,0,,,,0.00,0.00,P,gailled01
341,Andres Galarraga,36,COL,NL,154,150,146,1325.2,1590,1458,117,15,176,.991,-6,-6,10.69,10.23,1B,galaran01
342,Mike Gallego,36,STL,NL,25,11,4,107.1,57,15,41,1,6,.982,2,21,4.70,2.00,2B-3B-SS,gallemi01
343,Ron Gant,32,STL,NL,128,125,102,1084.1,257,247,4,6,1,.977,8,9,2.08,1.96,OF,gantro01
344,Rich Garces,26,BOS,AL,12,0,0,13.2,3,1,2,0,0,1.000,,,1.98,0.25,P,garceri01
345,Carlos Garcia,29,TOR,AL,103,93,86,847.1,437,171,256,10,51,.977,-11,-15,4.54,4.07,2B-SS-3B,garcica01
346,Freddy Garcia,24,PIT,NL,12,8,6,78.0,33,21,9,3,3,.909,-2,-35,3.46,2.50,3B-1B,garcifr01
347,Karim Garcia,21,LAD,NL,12,10,2,85.1,13,13,0,0,0,1.000,-2,-34,1.37,1.08,OF,garcika01
348,Ramon Garcia,28,HOU,NL,42,20,1,158.2,40,9,29,2,3,.950,,,2.16,0.90,P,garcira03
349,Nomar Garciaparra,23,BOS,AL,153,152,144,1344.1,720,249,450,21,113,.971,10,9,4.68,4.57,SS,garcino01
350,Mark Gardner,35,SFG,NL,30,30,2,180.1,40,12,28,0,1,1.000,,,2.00,1.33,P,gardnma01
351,Brent Gates,27,SEA,AL,57,31,23,339.2,113,26,82,5,10,.956,-3,-10,2.86,1.80,3B-2B-SS-OF-1B,gatesbr01
352,Jason Giambi,26,OAK,AL,116,115,85,974.2,552,501,44,7,50,.987,-13,-16,5.03,4.58,OF-1B,giambja01
353,Benji Gil,24,TEX,AL,106,100,78,860.2,510,163,328,19,71,.963,12,17,5.13,4.63,SS,gilbe01
354,Shawn Gilbert,32,NYM,NL,17,4,0,43.2,20,11,8,1,1,.950,-2,-49,3.92,1.06,2B-3B-SS-OF,gilbesh01
355,Brian Giles,26,CLE,AL,115,97,81,886.1,214,201,7,6,1,.972,0,0,2.11,1.81,OF,gilesbr02
356,Bernard Gilkey,30,NYM,NL,136,134,114,1180.2,271,251,17,3,2,.989,13,13,2.04,1.97,OF,gilkebe01
357,Ed Giovanola,28,ATL,NL,10,0,0,20.1,6,0,6,0,0,1.000,1,53,2.66,0.60,3B-2B-SS,giovaed01
358,Joe Girardi,32,NYY,AL,111,109,101,979.1,889,830,54,5,11,.994,0,0,8.12,7.96,C,girarjo01
359,Doug Glanville,26,CHC,NL,138,105,90,1024.2,262,247,12,3,3,.989,11,13,2.27,1.88,OF,glanvdo01
360,Tom Glavine,31,ATL,NL,33,33,5,240.0,51,15,35,1,4,.980,,,1.88,1.52,P,glavito02
361,Wayne Gomes,24,PHI,NL,37,0,0,42.2,4,2,2,0,0,1.000,,,0.84,0.11,P,gomeswa01
362,Chris Gomez,26,SDP,NL,149,145,132,1279.2,674,226,433,15,79,.978,-33,-31,4.63,4.39,SS,gomezch02
363,Rene Gonzales,36,COL,NL,1,0,0,1.0,0,0,0,0,0,,0,0,0.00,0.00,3B,gonzare01
364,Alex Gonzalez,24,TOR,AL,125,125,121,1102.1,558,209,341,8,77,.986,10,11,4.49,4.40,SS,gonzaal01
365,Geremi Gonzalez,22,CHC,NL,23,23,1,144.0,24,7,15,2,1,.917,,,1.38,0.96,P,gonzaje01
366,Juan Gonzalez,27,TEX,AL,64,64,59,555.2,138,128,6,4,1,.971,-7,-15,2.17,2.09,OF,gonzaju03
367,Luis Gonzalez,29,HOU,NL,147,143,129,1261.2,281,266,10,5,3,.982,14,13,1.97,1.88,OF-1B,gonzalu01
368,Dwight Gooden,32,NYY,AL,20,19,0,106.1,27,9,18,0,1,1.000,,,2.29,1.35,P,goodedw01
369,Curtis Goodwin,24,CIN,NL,71,64,55,584.2,162,159,3,0,2,1.000,10,20,2.49,2.28,OF,goodwcu01
370,Tom Goodwin,28,TOT,AL,147,142,122,1240.0,379,370,6,3,0,.992,-4,-3,2.73,2.56,OF,goodwto01
371,Tom Gordon,29,BOS,AL,42,25,2,182.2,40,18,20,2,1,.950,,,1.87,0.90,P,gordoto01
372,Rick Gorecki,23,LAD,NL,4,1,0,6.0,0,0,0,0,0,,,,0.00,0.00,P,gorecri01
373,Mark Grace,33,CHC,NL,148,147,143,1291.0,1328,1202,120,6,93,.995,12,11,9.22,8.93,1B,gracema01
374,Mike Grace,27,PHI,NL,6,6,1,39.0,6,3,3,0,0,1.000,,,1.38,1.00,P,gracemi02
375,Tony Graffanino,25,ATL,NL,77,46,36,482.0,275,90,180,5,29,.982,6,15,5.04,3.38,2B-3B-SS-1B,graffto01
376,Jeff Granger,25,PIT,NL,9,0,0,5.0,0,0,0,0,0,,,,0.00,0.00,P,grangje01
377,Danny Graves,23,TOT,ZZ,15,0,0,26.0,7,3,3,1,0,.857,,,2.08,0.40,P,graveda01
378,Craig Grebeck,32,ANA,AL,59,33,24,345.2,158,68,88,2,24,.987,-5,-17,4.06,2.44,2B-SS-3B-OF,grebecr01
379,Scarborough Green,23,STL,NL,19,5,3,77.0,21,19,1,1,0,.952,3,39,2.34,1.05,OF,greensc01
380,Shawn Green,24,TOR,AL,91,81,78,731.1,182,173,6,3,3,.984,-1,-1,2.20,1.97,OF,greensh01
381,Tyler Green,27,PHI,NL,14,14,0,76.2,15,6,7,2,1,.867,,,1.53,0.93,P,greenty01
382,Charlie Greene,26,BAL,AL,4,0,0,5.0,4,4,0,0,0,1.000,0,0,7.20,1.00,C,greench02
383,Todd Greene,26,ANA,AL,26,25,23,215.1,160,153,7,0,2,1.000,-2,-11,6.69,6.15,C,greento02
384,Tommy Greene,30,HOU,NL,2,2,0,9.0,0,0,0,0,0,,,,0.00,0.00,P,greento01
385,Willie Greene,25,CIN,NL,145,139,101,1185.2,368,176,175,17,10,.954,-7,-7,2.66,2.31,3B-OF-1B-SS,greenwi01
386,Rusty Greer,28,TEX,AL,153,152,129,1327.1,339,318,9,12,0,.965,-9,-8,2.22,2.14,OF,greerru01
387,Tommy Gregg,33,ATL,NL,6,1,0,29.1,5,5,0,0,0,1.000,-1,-53,1.53,0.71,OF-1B,greggto01
388,Ben Grieve,21,OAK,AL,24,22,22,208.1,40,39,1,0,1,1.000,-7,-37,1.73,1.67,OF,grievbe01
389,Ken Griffey Jr.,27,SEA,AL,153,153,138,1332.2,403,388,9,6,3,.985,15,14,2.68,2.59,OF,griffke02
390,Marquis Grissom,30,CLE,AL,144,144,134,1250.2,366,356,7,3,3,.992,10,9,2.61,2.52,OF,grissma02
391,Buddy Groom,31,OAK,AL,78,0,0,64.2,12,2,10,0,2,1.000,,,1.67,0.15,P,groombu01
392,Kevin Gross,36,ANA,AL,12,3,0,25.1,4,0,4,0,0,1.000,,,1.42,0.33,P,grosske01
393,Mark Grudzielanek,27,MON,NL,156,156,142,1368.1,715,237,446,32,99,.955,3,2,4.49,4.38,SS,grudzma01
394,Ken Grundt,27,BOS,AL,2,0,0,3.0,2,2,0,0,0,1.000,,,6.00,1.00,P,grundke01
395,Eddie Guardado,26,MIN,AL,69,0,0,46.0,7,1,6,0,1,1.000,,,1.37,0.10,P,guarded01
396,Mark Gubicza,34,ANA,AL,2,2,0,4.2,1,1,0,0,0,1.000,,,1.93,0.50,P,gubicma01
397,Vladimir Guerrero,22,MON,NL,85,84,74,721.1,170,148,10,12,3,.929,2,3,1.97,1.86,OF,guerrvl01
398,Wilton Guerrero,22,LAD,NL,93,86,77,770.1,383,148,231,4,26,.990,-1,-2,4.43,3.99,2B-SS,guerrwi01
399,Giomar Guevara,24,SEA,AL,3,1,1,12.0,9,2,6,1,0,.889,-1,-110,6.00,2.67,2B-SS,guevagi01
400,Jose Guillen,21,PIT,NL,136,132,108,1126.1,244,226,9,9,3,.963,-28,-30,1.88,1.73,OF,guilljo01
401,Ozzie Guillen,33,CHW,AL,139,134,127,1191.1,570,207,348,15,78,.974,-18,-18,4.19,3.99,SS,guilloz01
402,Mike Gulan,26,STL,NL,3,1,1,12.0,2,1,1,0,1,1.000,0,-10,1.50,0.67,3B,gulanmi01
403,Eric Gunderson,31,TEX,AL,60,0,0,49.2,4,1,3,0,0,1.000,,,0.72,0.07,P,gundeer01
404,Mark Guthrie,31,LAD,NL,62,0,0,69.1,16,2,13,1,0,.938,,,1.95,0.24,P,guthrma01
405,Ricky Gutierrez,27,HOU,NL,90,72,57,657.1,303,104,191,8,40,.974,-12,-22,4.04,3.11,SS-3B-2B,gutieri01
406,Juan Guzman,30,TOR,AL,13,13,0,60.0,11,1,7,3,0,.727,,,1.20,0.62,P,guzmaju01
407,Tony Gwynn,37,SDP,NL,143,143,117,1203.1,230,218,8,4,3,.983,-15,-15,1.69,1.58,OF,gwynnto01
408,Chip Hale,32,LAD,NL,2,0,0,5.0,1,1,0,0,0,1.000,-1,-168,1.80,0.50,3B,halech01
409,Darren Hall,32,LAD,NL,63,0,0,54.2,18,3,14,1,2,.944,,,2.80,0.27,P,hallda01
410,Joe Hall,31,DET,AL,1,1,0,7.0,1,1,0,0,0,1.000,0,0,1.29,1.00,OF,halljo02
411,Shane Halter,27,KCR,AL,61,28,12,309.2,104,63,40,1,8,.990,1,5,2.99,1.54,OF-2B-3B-SS,haltesh01
412,Bob Hamelin,29,DET,AL,7,3,3,34.0,30,29,1,0,1,1.000,0,0,7.94,4.29,1B,hamelbo01
413,Darryl Hamilton,32,SFG,NL,118,111,98,961.2,251,245,1,5,0,.980,-10,-12,2.30,2.08,OF,hamilda02
414,Joey Hamilton,26,SDP,NL,31,29,1,192.2,30,10,19,1,0,.967,,,1.35,0.94,P,hamiljo02
415,Chris Hammond,31,BOS,AL,29,8,0,65.1,14,3,10,1,1,.929,,,1.79,0.45,P,hammoch01
416,Jeffrey Hammonds,26,BAL,AL,114,99,80,901.2,249,240,4,5,0,.980,-1,-1,2.44,2.14,OF,hammoje01
417,Mike Hampton,24,HOU,NL,34,34,7,223.0,76,16,57,3,4,.961,,,2.95,2.15,P,hamptmi01
418,Chris Haney,28,KCR,AL,8,3,0,24.2,8,1,6,1,0,.875,,,2.55,0.88,P,haneych01
419,Greg Hansell,26,MIL,AL,3,0,0,4.2,0,0,0,0,0,,,,0.00,0.00,P,hansegr01
420,Dave Hansen,28,CHC,NL,56,38,12,300.0,99,45,47,7,9,.929,-8,-31,2.76,1.64,3B-1B-2B,hanseda01
421,Jed Hansen,24,KCR,AL,31,26,23,245.2,134,56,77,1,16,.993,1,3,4.87,4.29,2B,hanseje01
422,Erik Hanson,32,TOR,AL,3,2,0,15.0,0,0,0,0,0,,,,0.00,0.00,P,hansoer01
423,Jason Hardtke,25,NYM,NL,22,9,6,110.2,52,25,26,1,7,.981,-1,-12,4.15,2.32,2B-3B,hardtja01
424,Mike Harkey,30,LAD,NL,10,0,0,14.2,1,0,1,0,0,1.000,,,0.61,0.10,P,harkemi01
425,Pete Harnisch,30,TOT,ZZ,10,8,0,39.2,9,5,4,0,2,1.000,,,2.04,0.90,P,harnipe01
426,Lenny Harris,32,CIN,NL,83,48,31,455.1,180,120,57,3,8,.983,5,14,3.50,2.06,OF-2B-1B-3B,harrile01
427,Pep Harris,24,ANA,AL,61,0,0,79.2,18,4,14,0,2,1.000,,,2.03,0.30,P,harripe01
428,Reggie Harris,28,PHI,NL,50,0,0,54.1,6,3,3,0,0,1.000,,,0.99,0.12,P,harrire01
429,Shigetoshi Hasegawa,28,ANA,AL,50,7,0,116.2,30,8,21,1,3,.967,,,2.24,0.58,P,hasegsh01
430,Bill Haselman,31,BOS,AL,66,60,49,529.0,420,373,40,7,4,.983,-4,-9,7.03,6.26,C,haselbi01
431,Scott Hatteberg,27,BOS,AL,106,93,80,839.1,631,574,46,11,13,.983,-10,-14,6.65,5.85,C,hattesc01
432,Gary Haught,26,OAK,AL,6,0,0,11.1,2,1,1,0,0,1.000,,,1.59,0.33,P,haughga01
433,LaTroy Hawkins,24,MIN,AL,20,20,0,103.1,23,9,13,1,1,.957,,,1.92,1.10,P,hawkila01
434,Charlie Hayes,32,NYY,AL,98,89,81,813.0,249,67,169,13,20,.948,0,-1,2.61,2.29,3B-2B,hayesch01
435,Jimmy Haynes,24,OAK,AL,13,13,0,73.1,18,6,10,2,2,.889,,,1.96,1.23,P,hayneji01
436,Rick Helling,26,TOT,ZZ,41,16,0,131.0,11,1,9,1,0,.909,,,0.69,0.24,P,helliri01
437,Todd Helton,23,COL,NL,23,21,11,166.2,96,84,12,0,7,1.000,-2,-14,5.18,4.17,OF-1B,heltoto01
438,Rickey Henderson,38,TOT,ZZ,91,86,65,729.1,197,186,4,7,1,.964,-6,-10,2.34,2.09,OF,henderi01
439,Oscar Henriquez,23,HOU,NL,4,0,0,4.0,2,2,0,0,0,1.000,,,4.50,0.50,P,henrios01
440,Butch Henry,28,BOS,AL,36,5,0,84.1,21,4,17,0,2,1.000,,,2.24,0.58,P,henrybu01
441,Doug Henry,33,SFG,NL,75,0,0,70.2,11,6,4,1,0,.909,,,1.27,0.13,P,henrydo01
442,Pat Hentgen,28,TOR,AL,35,35,9,264.0,54,19,34,1,1,.981,,,1.81,1.51,P,hentgpa01
443,Felix Heredia,22,FLA,NL,56,0,0,56.2,2,1,0,1,0,.500,,,0.16,0.02,P,heredfe01
444,Wilson Heredia,25,TEX,AL,10,0,0,19.2,3,0,3,0,1,1.000,,,1.37,0.30,P,heredwi01
445,Dustin Hermanson,24,MON,NL,32,28,1,158.1,32,10,20,2,2,.938,,,1.71,0.94,P,hermadu01
446,Carlos Hernandez,30,SDP,NL,47,32,24,302.1,271,239,29,3,1,.989,5,18,7.98,5.58,C-1B,hernaca01
447,Fernando Hernandez,26,DET,AL,2,0,0,1.1,0,0,0,0,0,,,,0.00,0.00,P,hernafe01
448,José Hernández,27,CHC,NL,90,29,23,407.0,179,80,91,8,14,.955,4,11,3.78,1.80,3B-2B-SS-OF-1B,hernajo01
449,Liván Hernández,22,FLA,NL,17,17,0,96.1,25,8,16,1,4,.960,,,2.24,1.41,P,hernali01
450,Roberto Hernandez,32,TOT,ZZ,74,0,0,80.2,15,4,10,1,1,.933,,,1.56,0.19,P,hernaro01
451,Xavier Hernandez,31,TEX,AL,44,0,0,49.1,9,3,6,0,1,1.000,,,1.64,0.20,P,hernaxa01
452,Orel Hershiser,38,CLE,AL,32,32,1,195.1,53,20,29,4,2,.925,,,2.26,1.53,P,hershor01
453,Richard Hidalgo,22,HOU,NL,19,15,13,142.0,28,28,0,0,0,1.000,-2,-20,1.77,1.47,OF,hidalri01
454,Bobby Higginson,26,DET,AL,142,140,109,1240.0,316,287,20,9,5,.972,-14,-14,2.23,2.15,OF,higgibo02
455,Glenallen Hill,32,SFG,NL,97,92,51,744.2,169,158,2,9,0,.947,0,0,1.93,1.65,OF,hillgl01
456,Ken Hill,31,TOT,AL,31,31,1,190.0,54,17,37,0,2,1.000,,,2.56,1.74,P,hillke01
457,Sterling Hitchcock,26,SDP,NL,32,28,1,161.0,27,4,21,2,1,.926,,,1.40,0.78,P,hitchst01
458,Denny Hocking,27,MIN,AL,108,57,44,593.1,274,124,146,4,36,.985,-3,-7,4.10,2.27,SS-3B-OF-2B-1B,hockide01
459,Trevor Hoffman,29,SDP,NL,70,0,0,81.1,8,2,5,1,0,.875,,,0.77,0.10,P,hoffmtr01
460,Chris Hoiles,32,BAL,AL,91,88,58,756.2,653,622,31,0,5,1.000,-2,-3,7.77,7.10,C-1B-3B,hoilech01
461,Todd Hollandsworth,24,LAD,NL,99,66,47,661.0,190,185,2,3,0,.984,5,8,2.55,1.89,OF,hollato01
462,Dave Hollins,31,ANA,AL,149,145,129,1270.1,486,208,249,29,27,.940,-4,-4,3.24,3.07,3B-1B,hollida01
463,Darren Holmes,31,COL,NL,42,6,0,89.1,23,7,15,1,0,.957,,,2.22,0.52,P,holmeda01
464,Chris Holt,25,HOU,NL,33,32,0,209.2,50,13,36,1,1,.980,,,2.10,1.48,P,holtch01
465,Mike Holtz,24,ANA,AL,66,0,0,43.1,11,2,8,1,1,.909,,,2.08,0.15,P,holtzmi01
466,Mark Holzemer,27,SEA,AL,14,0,0,9.0,5,1,4,0,0,1.000,,,5.00,0.36,P,holzema01
467,Rick Honeycutt,43,STL,NL,2,0,0,2.0,0,0,0,0,0,,,,0.00,0.00,P,honeyri01
468,Tyler Houston,26,CHC,NL,56,47,36,408.1,322,280,37,5,4,.984,-5,-14,6.99,5.56,C-3B-1B-SS-2B,houstty01
469,David Howard,30,KCR,AL,70,39,30,413.1,212,96,109,7,31,.967,5,15,4.46,2.81,2B-OF-SS-3B,howarda02
470,Thomas Howard,32,HOU,NL,62,54,36,472.1,112,107,5,0,1,1.000,3,7,2.13,1.81,OF,howarth01
471,Jack Howell,35,ANA,AL,33,23,10,209.1,94,58,33,3,8,.968,-5,-27,3.91,2.53,3B-1B,howelja02
472,Mike Hubbard,26,CHC,NL,21,15,12,142.0,129,120,8,1,0,.992,-1,-8,8.11,6.10,C-3B,hubbami01
473,Trent Hubbard,33,CLE,AL,6,3,1,30.0,3,3,0,0,0,1.000,0,4,0.90,0.50,OF,hubbatr01
474,John Hudek,30,HOU,NL,40,0,0,40.2,7,1,6,0,1,1.000,,,1.55,0.18,P,hudekjo01
475,Rex Hudler,36,PHI,NL,39,29,15,241.0,74,61,10,3,2,.959,4,18,2.65,1.73,OF-2B,hudlere01
476,Joe Hudson,26,BOS,AL,26,0,0,35.2,9,2,7,0,2,1.000,,,2.27,0.35,P,hudsojo02
477,Todd Hundley,28,NYM,NL,122,116,98,1006.1,742,678,54,10,6,.987,-5,-6,6.55,6.00,C,hundlto01
478,Brian Hunter,26,DET,AL,162,162,151,1422.2,420,408,8,4,0,.990,-13,-11,2.63,2.57,OF,huntebr02
479,Jimmy Hurst,25,DET,AL,12,4,3,51.0,12,12,0,0,0,1.000,0,7,2.12,1.00,OF,hurstji01
480,Edwin Hurtado,27,SEA,AL,13,1,0,19.0,6,0,6,0,1,1.000,,,2.84,0.46,P,hurtaed01
481,Butch Huskey,25,NYM,NL,123,116,67,982.0,430,377,38,15,23,.965,-4,-5,3.80,3.22,OF-1B-3B,huskebu01
482,Jeff Huson,32,MIL,AL,58,26,15,263.1,162,109,52,1,16,.994,-3,-12,5.50,2.52,2B-1B-OF-3B,husonje01
483,Mark Hutton,27,TOT,NL,40,1,0,60.1,17,6,11,0,1,1.000,,,2.54,0.43,P,huttoma01
484,Raul Ibanez,25,SEA,AL,8,6,3,53.0,9,9,0,0,0,1.000,-2,-38,1.53,1.13,OF,ibanera01
485,Pete Incaviglia,33,BAL,AL,18,10,3,91.1,21,20,0,1,0,.952,-1,-18,1.97,1.11,OF,incavpe01
486,Garey Ingram,26,LAD,NL,7,1,1,20.2,4,4,0,0,0,1.000,1,29,1.74,0.57,OF,ingraga01
487,Hideki Irabu,28,NYY,AL,13,9,0,53.1,8,1,5,2,1,.750,,,1.01,0.46,P,irabuhi01
488,Jason Isringhausen,24,NYM,NL,6,6,0,29.2,4,3,1,0,0,1.000,,,1.21,0.67,P,isrinja01
489,Damian Jackson,23,TOT,ZZ,14,9,7,87.2,49,20,28,1,5,.980,0,5,4.93,3.20,SS-2B,jacksda04
490,Danny Jackson,35,TOT,NL,17,13,0,67.2,14,3,9,2,0,.857,,,1.60,0.71,P,jacksda02
491,Darrin Jackson,33,TOT,AL,70,54,39,498.2,155,148,6,1,2,.994,7,18,2.78,2.20,OF,jacksda03
492,Michael Jackson,32,CLE,AL,71,0,0,75.0,20,5,15,0,4,1.000,,,2.40,0.28,P,jacksmi02
493,Jason Jacome,26,TOT,AL,28,4,0,49.1,17,4,12,1,1,.941,,,2.92,0.57,P,jacomja01
494,John Jaha,31,MIL,AL,27,26,24,223.0,236,220,14,2,26,.992,2,12,9.44,8.67,1B,jahajo01
495,Mike James,29,ANA,AL,58,0,0,62.2,11,2,9,0,0,1.000,,,1.58,0.19,P,jamesmi01
496,Marty Janzen,24,TOR,AL,12,0,0,25.0,4,3,1,0,0,1.000,,,1.44,0.33,P,janzema01
497,Kevin Jarvis,27,TOT,ZZ,32,5,0,68.0,8,1,7,0,0,1.000,,,1.06,0.25,P,jarvike01
498,Stan Javier,33,SFG,NL,131,106,86,983.2,286,277,2,7,4,.976,16,19,2.55,2.10,OF-1B,javiest01
499,Gregg Jefferies,29,PHI,NL,124,122,100,1021.2,219,211,5,3,2,.986,3,4,1.90,1.74,OF,jeffegr01
500,Reggie Jefferson,28,BOS,AL,12,8,8,80.0,81,74,5,2,9,.975,-1,-15,8.89,6.58,1B,jeffere01
501,Robin Jennings,25,CHC,NL,5,3,1,30.0,5,5,0,0,0,1.000,0,4,1.50,1.00,OF,jenniro01
502,Marcus Jensen,24,TOT,ZZ,36,22,18,215.0,146,132,11,3,1,.979,2,11,5.99,3.97,C,jensema01
503,Derek Jeter,23,NYY,AL,159,159,151,1417.0,719,244,457,18,87,.975,-3,-2,4.45,4.41,SS,jeterde01
504,Brian Johnson,29,TOT,MLB,99,86,72,779.2,607,569,33,5,7,.992,0,0,6.95,6.02,C-1B,johnsbr01
505,Charles Johnson,25,FLA,NL,123,123,108,1076.2,973,900,73,0,17,1.000,19,21,8.13,7.91,C,johnsch04
506,Dane Johnson,34,OAK,AL,38,0,0,45.2,7,1,4,2,0,.714,,,0.99,0.13,P,johnsda05
507,Jason Johnson,23,PIT,NL,3,0,0,6.0,0,0,0,0,0,,,,0.00,0.00,P,johnsja02
508,Lance Johnson,33,TOT,NL,105,94,85,836.1,242,231,4,7,2,.971,-1,-1,2.53,2.24,OF,johnsla03
509,Mark Johnson,29,PIT,NL,63,58,44,497.0,591,542,44,5,48,.992,1,2,10.61,9.30,1B,johnsma01
510,Mike Johnson,21,TOT,ZZ,25,16,0,89.2,19,5,13,1,1,.947,,,1.81,0.72,P,johnsmi02
511,Randy Johnson,33,SEA,AL,30,29,5,213.0,31,7,20,4,0,.871,,,1.14,0.90,P,johnsra05
512,Russ Johnson,24,HOU,NL,15,13,9,126.2,38,13,24,1,3,.974,-2,-18,2.63,2.18,3B-2B,johnsru01
513,John Johnstone,28,TOT,ZZ,18,0,0,25.0,5,2,3,0,0,1.000,,,1.80,0.28,P,johnsjo07
514,Andruw Jones,20,ATL,NL,147,96,90,973.0,308,287,14,7,2,.977,28,34,2.78,2.05,OF,jonesan01
515,Bobby Jones,27,NYM,NL,30,30,2,193.1,50,14,35,1,2,.980,,,2.28,1.63,P,jonesbo03
516,Bobby Jones,25,COL,NL,4,4,0,19.1,3,1,2,0,1,1.000,,,1.40,0.75,P,jonesbo04
517,Chipper Jones,25,ATL,NL,155,154,130,1333.1,339,83,241,15,17,.956,-6,-6,2.19,2.06,3B-OF,jonesch06
518,Chris Jones,31,SDP,NL,61,28,19,317.1,81,73,4,4,1,.951,0,-2,2.18,1.26,OF,jonesch05
519,Doug Jones,40,MIL,AL,75,0,0,80.1,14,4,8,2,1,.857,,,1.34,0.16,P,jonesdo01
520,Todd Jones,29,DET,AL,68,0,0,70.0,5,1,4,0,0,1.000,,,0.64,0.07,P,jonesto02
521,Brian Jordan,30,STL,NL,44,37,32,320.0,84,82,2,0,0,1.000,12,44,2.36,1.91,OF,jordabr01
522,Kevin Jordan,27,PHI,NL,38,29,18,271.1,194,157,31,6,13,.969,-5,-23,6.24,4.37,1B-3B-2B,jordake01
523,Ricardo Jordan,27,NYM,NL,22,0,0,27.0,5,0,5,0,1,1.000,,,1.67,0.23,P,jordari03
524,Wally Joyner,35,SDP,NL,131,122,95,1045.2,1120,1027,89,4,82,.996,6,6,9.61,8.52,1B,joynewa01
525,Mike Judd,22,LAD,NL,1,0,0,2.2,0,0,0,0,0,,,,0.00,0.00,P,juddmi01
526,Jeff Juden,26,TOT,ZZ,30,27,3,161.1,24,6,15,3,0,.875,,,1.17,0.70,P,judenje01
527,David Justice,31,CLE,AL,78,76,63,649.1,125,120,3,2,0,.984,-9,-17,1.70,1.58,OF,justida01
528,Scott Kamieniecki,33,BAL,AL,30,30,0,179.1,48,15,30,3,4,.938,,,2.26,1.50,P,kamiesc01
529,Matt Karchner,30,CHW,AL,52,0,0,52.2,8,2,6,0,2,1.000,,,1.37,0.15,P,karchma01
530,Ron Karkovice,33,CHW,AL,51,45,30,379.1,275,261,13,1,1,.996,0,0,6.50,5.37,C,karkoro01
531,Scott Karl,25,MIL,AL,32,32,1,193.1,37,5,28,4,5,.892,,,1.54,1.03,P,karlsc01
532,Ryan Karp,27,PHI,NL,15,1,0,15.0,3,1,1,1,0,.667,,,1.20,0.13,P,karpry01
533,Eric Karros,29,LAD,NL,162,162,158,1447.2,1450,1318,121,11,88,.992,-6,-5,8.95,8.88,1B,karroer01
534,Steve Karsay,25,OAK,AL,24,24,0,132.2,24,7,13,4,1,.833,,,1.36,0.83,P,karsast01
535,Takashi Kashiwada,26,NYM,NL,35,0,0,31.1,10,4,5,1,0,.900,,,2.59,0.26,P,kashita01
536,Greg Keagle,26,DET,AL,11,10,0,45.1,7,4,3,0,0,1.000,,,1.39,0.64,P,keaglgr01
537,Mike Kelly,27,CIN,NL,59,28,21,293.2,92,88,2,2,0,.978,3,12,2.76,1.53,OF,kellymi02
538,Pat Kelly,29,NYY,AL,48,31,24,302.0,158,63,92,3,26,.981,-1,-4,4.62,3.23,2B,kellypa03
539,Roberto Kelly,32,TOT,AL,88,78,63,683.1,156,154,2,0,0,1.000,0,0,2.05,1.77,OF,kellyro01
540,Jason Kendall,23,PIT,NL,142,139,130,1218.0,1066,952,103,11,20,.990,4,4,7.80,7.43,C,kendaja01
541,Jeff Kent,29,SFG,NL,154,151,132,1309.0,850,405,429,16,110,.981,15,13,5.73,5.18,2B-1B,kentje01
542,Jimmy Key,36,BAL,AL,34,34,1,212.1,51,12,37,2,2,.961,,,2.08,1.44,P,keyji01
543,Brooks Kieschnick,25,CHC,NL,27,26,8,175.0,42,39,1,2,0,.952,-1,-5,2.06,1.48,OF,kiescbr01
544,Darryl Kile,28,HOU,NL,34,34,6,255.2,68,28,39,1,3,.985,,,2.36,1.97,P,kileda01
545,Curtis King,26,STL,NL,30,0,0,29.1,7,2,5,0,0,1.000,,,2.15,0.23,P,kingcu01
546,Jeff King,32,KCR,AL,150,147,140,1291.0,1369,1217,147,5,135,.996,17,16,9.51,9.09,1B,kingje01
547,Wayne Kirby,33,LAD,NL,26,11,7,123.1,37,36,1,0,0,1.000,-2,-23,2.70,1.42,OF,kirbywa01
548,Ryan Klesko,26,ATL,NL,137,132,63,1069.1,257,245,6,6,7,.977,-4,-4,2.11,1.65,OF-1B,kleskry01
549,Steve Kline,24,TOT,ZZ,46,1,0,52.2,9,3,5,1,0,.889,,,1.37,0.17,P,klinest02
550,Chuck Knoblauch,28,MIN,AL,154,154,142,1325.2,724,285,427,12,102,.983,16,15,4.83,4.59,2B-SS,knoblch01
551,Randy Knorr,28,HOU,NL,4,1,0,22.0,22,19,3,0,1,1.000,1,27,9.00,4.40,1B-C,knorrra01
552,Paul Konerko,21,LAD,NL,2,1,0,9.2,3,3,0,0,1,1.000,-1,-74,2.79,1.50,3B-1B,konerpa01
553,Mark Kotsay,21,FLA,NL,14,12,11,113.0,33,31,2,0,1,1.000,3,32,2.63,2.36,OF,kotsama01
554,Chad Kreuter,32,TOT,AL,82,69,59,632.1,528,490,33,5,2,.991,5,9,7.44,6.38,C-1B,kreutch01
555,Rick Krivda,27,BAL,AL,10,10,0,50.0,11,6,5,0,1,1.000,,,1.98,1.10,P,krivdri01
556,Marc Kroon,24,SDP,NL,12,0,0,11.1,0,0,0,0,0,,,,0.00,0.00,P,kroonma01
557,Tim Kubinski,25,OAK,AL,11,0,0,12.2,3,2,1,0,1,1.000,,,2.13,0.27,P,kubinti01
558,Kerry Lacy,24,BOS,AL,33,0,0,45.2,7,4,2,1,0,.857,,,1.18,0.18,P,lacyke01
559,Tim Laker,27,BAL,AL,7,4,3,39.0,29,28,0,1,0,.966,-1,-31,6.46,4.00,C,lakerti01
560,Tom Lampkin,33,STL,NL,86,56,47,549.1,455,413,37,5,6,.989,1,2,7.37,5.23,C,lampkto01
561,Mark Langston,36,ANA,AL,9,9,0,47.2,14,2,11,1,1,.929,,,2.45,1.44,P,langsma01
562,Ray Lankford,30,STL,NL,131,129,115,1141.1,306,293,4,9,2,.971,-2,-3,2.34,2.27,OF,lankfra01
563,Mike Lansing,29,MON,NL,144,143,127,1234.0,683,279,395,9,95,.987,9,9,4.92,4.68,2B,lansimi01
564,Barry Larkin,33,CIN,NL,63,63,41,502.2,253,77,171,5,33,.980,7,16,4.44,3.94,SS,larkiba01
565,Chris Latham,24,MIN,AL,10,4,2,43.1,12,11,0,1,0,.917,-1,-33,2.28,1.10,OF,lathach01
566,Matt Lawton,25,MIN,AL,138,126,110,1124.0,294,278,9,7,3,.976,-12,-12,2.30,2.08,OF,lawtoma02
567,Aaron Ledesma,26,BAL,AL,41,18,15,215.0,122,68,51,3,13,.975,-2,-12,4.98,2.83,2B-3B-1B-SS,ledesaa01
568,Derrek Lee,21,SDP,NL,21,12,9,128.2,144,131,13,0,12,1.000,1,10,10.07,6.86,1B,leede02
569,Al Leiter,31,FLA,NL,27,27,0,151.1,14,0,14,0,1,1.000,,,0.83,0.52,P,leiteal01
570,Mark Leiter,34,PHI,NL,31,31,3,182.2,43,10,30,3,4,.930,,,1.97,1.29,P,leitema01
571,Mark Lemke,31,ATL,NL,104,101,75,849.2,510,191,309,10,65,.980,16,23,5.30,4.81,2B,lemkema01
572,Pat Lennon,29,OAK,AL,36,24,10,211.1,58,55,0,3,0,.948,-6,-34,2.34,1.53,OF,lennopa01
573,John LeRoy,22,ATL,NL,1,0,0,2.0,0,0,0,0,0,,,,0.00,0.00,P,leroyjo01
574,Brian Lesher,26,OAK,AL,35,31,22,284.1,95,87,5,3,4,.968,-5,-21,2.91,2.63,OF-1B,leshebr01
575,Curt Leskanic,29,COL,NL,55,0,0,58.1,10,5,5,0,1,1.000,,,1.54,0.18,P,leskacu01
576,Al Levine,29,CHW,AL,25,0,0,27.1,8,5,3,0,1,1.000,,,2.63,0.32,P,levinal01
577,Jesse Levis,29,MIL,AL,78,40,31,399.2,317,296,19,2,1,.994,1,3,7.09,4.04,C,levisje01
578,Darren Lewis,29,TOT,ZZ,89,40,28,427.1,142,139,2,1,1,.993,8,22,2.97,1.58,OF,lewisda01
579,Mark Lewis,27,SFG,NL,95,83,53,722.2,245,74,157,14,24,.943,-13,-21,2.88,2.36,3B-2B,lewisma01
580,Richie Lewis,31,TOT,ZZ,18,0,0,24.1,5,0,4,1,0,.800,,,1.48,0.22,P,lewisri01
581,Jim Leyritz,33,TOT,AL,89,82,64,728.0,611,556,52,3,25,.995,7,12,7.52,6.54,C-1B,leyriji01
582,Cory Lidle,25,NYM,NL,54,2,0,81.2,13,5,8,0,0,1.000,,,1.43,0.24,P,lidleco01
583,Jon Lieber,27,PIT,NL,33,32,1,188.1,42,16,25,1,1,.976,,,1.96,1.24,P,liebejo01
584,Mike Lieberthal,25,PHI,NL,129,119,113,1059.0,1019,934,73,12,8,.988,-1,-1,8.56,7.81,C,liebemi01
585,Kerry Ligtenberg,26,ATL,NL,15,0,0,15.0,1,1,0,0,0,1.000,,,0.60,0.07,P,ligteke01
586,Jose Lima,24,HOU,NL,52,1,0,75.0,9,5,4,0,0,1.000,,,1.08,0.17,P,limajo01
587,Felipe Lira,25,TOT,AL,28,18,1,110.2,31,8,21,2,4,.935,,,2.36,1.04,P,lirafe01
588,Nelson Liriano,33,LAD,NL,21,8,7,94.0,45,19,24,2,6,.956,-1,-17,4.12,2.05,2B-1B-SS-3B,liriane01
589,Pat Listach,29,HOU,NL,37,33,28,288.1,112,35,71,6,12,.946,-2,-9,3.31,2.86,SS-OF,listapa01
590,Scott Livingstone,31,TOT,NL,9,3,2,40.2,29,17,10,2,1,.931,-1,-32,5.98,3.00,3B-1B-2B-OF,livinsc01
591,Graeme Lloyd,30,NYY,AL,46,0,0,49.0,15,3,9,3,0,.800,,,2.20,0.26,P,lloydgr01
592,Esteban Loaiza,25,PIT,NL,33,32,1,196.1,39,11,26,2,1,.949,,,1.70,1.12,P,loaizes01
593,Keith Lockhart,32,ATL,NL,31,21,8,174.0,75,24,48,3,10,.960,2,14,3.72,2.32,2B-3B,lockhke01
594,Kenny Lofton,30,ATL,NL,122,121,105,1047.1,300,290,5,5,1,.983,18,20,2.54,2.42,OF,loftoke01
595,Rich Loiselle,25,PIT,NL,72,0,0,72.2,13,3,7,3,1,.769,,,1.24,0.14,P,loiseri01
596,Joey Long,26,SDP,NL,10,0,0,11.0,3,2,1,0,0,1.000,,,2.45,0.30,P,longjo01
597,Ryan Long,24,KCR,AL,5,2,1,21.0,8,8,0,0,0,1.000,1,40,3.43,1.60,OF,longry01
598,Albie Lopez,25,CLE,AL,37,6,0,76.2,17,4,13,0,1,1.000,,,2.00,0.46,P,lopezal02
599,Javy Lopez,26,ATL,NL,117,107,92,951.0,854,792,56,6,7,.993,0,0,8.03,7.25,C,lopezja01
600,Luis Lopez,26,NYM,NL,65,36,25,391.2,244,79,156,9,30,.963,-1,-2,5.40,3.41,SS-2B-3B,lopezlu02
601,Mark Loretta,25,MIL,AL,126,111,91,1012.0,626,334,277,15,88,.976,-6,-7,5.43,4.33,2B-SS-1B-3B,loretma01
602,Andrew Lorraine,24,OAK,AL,12,6,0,29.2,6,4,2,0,1,1.000,,,1.82,0.50,P,lorraan01
603,Derek Lowe,24,TOT,AL,20,9,0,69.0,13,3,10,0,0,1.000,,,1.70,0.65,P,lowede01
604,Sean Lowe,26,STL,NL,6,4,0,17.1,6,1,3,2,0,.667,,,2.08,0.67,P,lowese01
605,Terrell Lowery,26,CHC,NL,6,3,1,30.0,9,7,2,0,1,1.000,1,20,2.70,1.50,OF,lowerte01
606,Eric Ludwick,25,TOT,ZZ,11,5,0,30.2,5,2,3,0,1,1.000,,,1.47,0.45,P,ludwier01
607,John Mabry,26,STL,NL,112,105,76,916.1,486,455,30,1,34,.998,5,6,4.76,3.79,OF-1B-3B,mabryjo01
608,Mike Macfarlane,33,KCR,AL,81,75,66,664.2,463,439,20,4,3,.991,-4,-7,6.22,5.67,C,macfami01
609,Robert Machado,24,CHW,AL,10,4,2,46.0,37,34,3,0,1,1.000,0,0,7.24,3.70,C,macharo01
610,Shane Mack,33,BOS,AL,45,37,17,306.0,75,75,0,0,0,1.000,0,0,2.21,1.67,OF,macksh01
611,Greg Maddux,31,ATL,NL,33,33,5,232.2,68,16,49,3,3,.956,,,2.51,1.97,P,maddugr01
612,Mike Maddux,35,SEA,AL,6,0,0,10.2,2,1,1,0,0,1.000,,,1.69,0.33,P,maddumi01
613,Calvin Maduro,22,PHI,NL,15,13,0,71.0,16,8,7,1,0,.938,,,1.90,1.00,P,madurca01
614,Dave Magadan,34,OAK,AL,74,36,23,359.1,218,148,65,5,22,.977,3,8,5.33,2.70,3B-1B,magadda01
615,Wendell Magee,24,PHI,NL,38,35,30,299.2,101,95,2,4,1,.960,-1,-5,2.91,2.55,OF,mageewe01
616,Mike Magnante,32,HOU,NL,40,0,0,47.2,9,1,7,1,0,.889,,,1.51,0.20,P,magnami01
617,Ron Mahay,26,BOS,AL,28,0,0,25.0,3,1,2,0,0,1.000,,,1.08,0.11,P,mahayro01
618,Pat Mahomes,26,BOS,AL,10,0,0,10.0,0,0,0,0,0,,,,0.00,0.00,P,mahompa01
619,Jose Malave,26,BOS,AL,4,0,0,10.0,3,3,0,0,0,1.000,1,108,2.70,0.75,OF,malavjo01
620,Sean Maloney,26,MIL,AL,3,0,0,7.0,0,0,0,0,0,,,,0.00,0.00,P,malonse01
621,Jeff Manto,32,CLE,AL,13,5,3,66.0,40,35,5,0,4,1.000,-1,-15,5.45,2.86,1B-3B-OF,mantoje01
622,Barry Manuel,31,NYM,NL,19,0,0,25.2,4,2,1,1,0,.750,,,1.05,0.16,P,manueba01
623,Kirt Manwaring,31,COL,NL,100,95,84,829.2,531,488,40,3,7,.994,-1,-1,5.73,5.28,C,manwaki01
624,Josias Manzanillo,29,SEA,AL,16,0,0,18.1,2,1,1,0,0,1.000,,,0.98,0.13,P,manzajo01
625,Eli Marrero,23,STL,NL,17,13,7,114.0,97,82,12,3,2,.969,2,21,7.42,5.53,C,marreel01
626,Al Martin,29,PIT,NL,110,107,91,929.2,139,125,8,6,1,.957,-13,-16,1.29,1.21,OF,martial03
627,Norberto Martin,30,CHW,AL,52,45,38,397.2,152,50,97,5,16,.967,-6,-17,3.33,2.72,SS-3B-2B,martino01
628,Tom Martin,27,HOU,NL,55,0,0,56.0,11,1,9,1,0,.909,,,1.61,0.18,P,martito02
629,Dave Martinez,32,CHW,AL,136,129,80,1130.2,522,485,30,7,26,.987,8,8,4.10,3.28,OF-1B,martida01
630,Dennis Martinez,43,SEA,AL,9,9,0,49.0,14,6,6,2,0,.857,,,2.20,1.33,P,martide01
631,Edgar Martinez,34,SEA,AL,8,7,7,59.1,73,68,4,1,5,.986,0,8,10.92,9.00,1B-3B,martied01
632,Felix Martinez,23,KCR,AL,12,10,8,91.0,40,17,22,1,7,.975,2,32,3.86,3.25,SS,martife01
633,Pedro Martinez,25,MON,NL,31,31,13,241.1,39,7,31,1,1,.974,,,1.42,1.23,P,martipe02
634,Pedro Martinez,28,CIN,NL,8,0,0,6.2,1,1,0,0,0,1.000,,,1.35,0.13,P,martipe03
635,Ramon Martinez,29,LAD,NL,22,22,1,133.2,31,10,20,1,1,.968,,,2.02,1.36,P,martira02
636,Sandy Martinez,26,TOR,AL,3,1,1,12.2,15,12,2,1,0,.933,-1,-95,9.95,4.67,C,martisa01
637,Tino Martinez,29,NYY,AL,150,147,136,1308.1,1415,1302,105,8,123,.994,4,3,9.68,9.38,1B,martiti02
638,John Marzano,34,SEA,AL,37,24,16,229.2,209,191,13,5,4,.976,-2,-10,7.99,5.51,C,marzajo01
639,Damon Mashore,27,OAK,AL,89,72,49,655.0,215,203,10,2,3,.991,-7,-12,2.93,2.39,OF,mashoda01
640,Mike Matheny,26,MIL,AL,122,112,66,932.2,760,697,58,5,6,.993,6,8,7.29,6.14,C-1B,mathemi01
641,T.J. Mathews,27,TOT,ZZ,64,0,0,74.2,16,6,8,2,0,.875,,,1.69,0.22,P,mathet.01
642,Terry Mathews,32,BAL,AL,57,0,0,63.1,16,5,10,1,0,.938,,,2.13,0.26,P,mathete01
643,Darrell May,25,ANA,AL,29,2,0,51.2,6,0,6,0,1,1.000,,,1.05,0.21,P,mayda02
644,Derrick May,28,PHI,NL,56,31,24,302.1,76,69,4,3,1,.961,2,7,2.17,1.30,OF,mayde01
645,Brent Mayne,29,OAK,AL,83,73,50,640.2,457,419,36,2,5,.996,4,7,6.39,5.48,C,maynebr01
646,Jamie McAndrew,29,MIL,AL,5,4,0,19.1,5,3,1,1,0,.800,,,1.86,0.80,P,mcandja01
647,Greg McCarthy,28,SEA,AL,37,0,0,29.2,6,2,4,0,0,1.000,,,1.82,0.16,P,mccargr01
648,Quinton McCracken,26,COL,NL,132,71,69,754.0,204,195,5,4,3,.980,-6,-10,2.39,1.52,OF,mccraqu01
649,Jeff McCurry,27,COL,NL,33,0,0,40.2,8,3,5,0,0,1.000,,,1.77,0.24,P,mccurje01
650,Allen McDill,25,KCR,AL,3,0,0,4.0,1,0,1,0,0,1.000,,,2.25,0.33,P,mcdilal01
651,Ben McDonald,29,MIL,AL,21,21,1,133.0,23,6,16,1,3,.957,,,1.49,1.05,P,mcdonbe01
652,Jason McDonald,25,OAK,AL,74,52,42,507.0,154,146,2,6,1,.961,-8,-20,2.63,2.00,OF,mcdonja02
653,Jack McDowell,31,CLE,AL,8,6,0,40.2,9,3,6,0,0,1.000,,,1.99,1.13,P,mcdowja01
654,Chuck McElroy,29,TOT,AL,61,0,0,75.0,13,1,12,0,1,1.000,,,1.56,0.21,P,mcelrch01
655,Willie McGee,38,STL,NL,81,50,34,512.0,108,100,6,2,3,.981,1,2,1.86,1.31,OF,mcgeewi01
656,Tom McGraw,29,STL,NL,2,0,0,1.2,1,0,1,0,0,1.000,,,5.40,0.50,P,mcgrato01
657,Fred McGriff,33,ATL,NL,149,148,113,1263.2,1300,1191,96,13,111,.990,-7,-7,9.17,8.64,1B,mcgrifr01
658,Ryan McGuire,25,MON,NL,72,46,39,471.0,248,226,19,3,21,.988,5,12,4.68,3.31,OF-1B,mcguiry01
659,Mark McGwire,33,TOT,ZZ,151,149,125,1287.1,1424,1323,94,7,128,.995,-10,-10,9.91,9.38,1B,mcgwima01
660,Walt McKeel,25,BOS,AL,5,0,0,7.1,6,6,0,0,0,1.000,0,0,7.36,1.20,C-1B,mckeewa01
661,Mark McLemore,32,TEX,AL,89,86,80,743.1,410,148,254,8,60,.980,0,0,4.87,4.47,2B-OF,mclemma01
662,Greg McMichael,30,NYM,NL,73,0,0,87.2,22,9,13,0,2,1.000,,,2.26,0.30,P,mcmicgr01
663,Billy McMillon,25,TOT,NL,23,21,17,179.1,50,46,2,2,0,.960,4,27,2.41,2.09,OF,mcmilbi01
664,Brian McRae,29,TOT,NL,148,138,130,1222.1,315,307,4,4,2,.987,12,11,2.29,2.10,OF,mcraebr01
665,Pat Meares,28,MIN,AL,134,129,117,1131.1,646,211,415,20,93,.969,4,4,4.98,4.67,SS,mearepa01
666,Jim Mecir,27,NYY,AL,25,0,0,33.2,7,5,2,0,0,1.000,,,1.87,0.28,P,mecirji01
667,Roberto Mejia,25,STL,NL,4,4,2,26.2,10,3,6,1,3,.900,-2,-77,3.04,2.25,2B-OF,mejiaro02
668,Carlos Mendoza,22,NYM,NL,3,2,1,24.0,5,5,0,0,0,1.000,0,10,1.88,1.67,OF,mendoca01
669,Ramiro Mendoza,25,NYY,AL,39,15,0,133.2,38,11,25,2,2,.947,,,2.42,0.92,P,mendora01
670,Paul Menhart,28,SDP,NL,9,8,0,44.0,10,6,4,0,2,1.000,,,2.05,1.11,P,menhapa01
671,Orlando Merced,30,TOR,AL,96,94,85,830.0,206,193,10,3,4,.985,11,16,2.20,2.09,OF-1B,merceor01
672,Henry Mercedes,27,TEX,AL,23,12,7,128.2,83,78,4,1,2,.988,-2,-19,5.74,3.57,C,mercehe01
673,Jose Mercedes,26,MIL,AL,29,23,2,159.0,25,6,16,3,2,.880,,,1.25,0.76,P,mercejo02
674,Kent Mercker,29,CIN,NL,28,25,0,144.2,33,11,22,0,0,1.000,,,2.05,1.18,P,merckke01
675,Jose Mesa,31,CLE,AL,66,0,0,82.1,13,5,7,1,2,.923,,,1.31,0.18,P,mesajo01
676,Hensley Meulens,30,MON,NL,11,6,2,52.2,15,15,0,0,1,1.000,-1,-27,2.56,1.36,OF-1B,meulehe01
677,Dan Miceli,26,DET,AL,71,0,0,82.2,10,4,6,0,0,1.000,,,1.09,0.14,P,micelda01
678,Matt Mieske,29,MIL,AL,74,64,52,560.2,132,121,6,5,0,.962,-4,-7,2.04,1.72,OF,mieskma01
679,Damian Miller,27,MIN,AL,20,15,13,135.1,88,85,3,0,1,1.000,-1,-9,5.85,4.40,C,milleda02
680,Kurt Miller,24,FLA,NL,7,0,0,7.1,1,1,0,0,0,1.000,,,1.23,0.14,P,milleku01
681,Orlando Miller,28,DET,AL,38,25,16,229.1,111,37,71,3,18,.973,4,18,4.24,2.84,SS-3B-1B,milleor01
682,Travis Miller,24,MIN,AL,13,7,0,48.1,14,8,6,0,0,1.000,,,2.61,1.08,P,milletr01
683,Ralph Milliard,23,FLA,NL,8,8,7,71.0,46,14,32,0,9,1.000,3,42,5.83,5.75,2B,millira02
684,Alan Mills,30,BAL,AL,39,0,0,38.2,9,3,4,2,0,.778,,,1.63,0.18,P,millsal01
685,Kevin Millwood,22,ATL,NL,12,8,0,51.1,9,3,6,0,0,1.000,,,1.58,0.75,P,millwke01
686,Mike Mimbs,28,PHI,NL,17,1,0,28.2,4,0,2,2,0,.500,,,0.63,0.12,P,mimbsmi01
687,Nate Minchey,27,COL,NL,2,0,0,2.0,2,0,2,0,0,1.000,,,9.00,1.00,P,minchna01
688,Blas Minor,31,HOU,NL,11,0,0,12.0,3,1,2,0,0,1.000,,,2.25,0.27,P,minorbl01
689,Doug Mirabelli,26,SFG,NL,6,1,0,18.0,16,16,0,0,0,1.000,0,0,8.00,2.67,C,mirabdo01
690,Angel Miranda,27,MIL,AL,10,0,0,14.0,3,1,2,0,0,1.000,,,1.93,0.30,P,miranan01
691,Mike Misuraca,28,MIL,AL,5,0,0,10.1,0,0,0,0,0,,,,0.00,0.00,P,misurmi01
692,Kevin Mitchell,35,CLE,AL,1,0,0,1.0,1,0,0,1,0,.000,-2,-2040,0.00,0.00,OF,mitchke01
693,Dave Mlicki,29,NYM,NL,32,32,1,193.2,30,11,17,2,1,.933,,,1.30,0.88,P,mlickda01
694,Brian Moehler,25,DET,AL,31,31,2,175.1,40,16,23,1,2,.975,,,2.00,1.26,P,moehlbr01
695,Mike Mohler,28,OAK,AL,62,10,0,101.2,26,7,18,1,0,.962,,,2.21,0.40,P,mohlemi01
696,Izzy Molina,26,OAK,AL,48,34,24,306.2,237,218,17,2,1,.992,-2,-8,6.90,4.90,C,moliniz01
697,Paul Molitor,40,MIN,AL,12,12,9,97.1,107,99,7,1,6,.991,0,1,9.80,8.83,1B,molitpa01
698,Raul Mondesí,26,LAD,NL,159,157,145,1390.0,352,338,10,4,0,.989,11,10,2.25,2.19,OF,mondera01
699,Jeff Montgomery,35,KCR,AL,55,0,0,59.1,15,10,5,0,0,1.000,,,2.28,0.27,P,montgje01
700,Ray Montgomery,27,HOU,NL,18,14,8,122.1,27,25,2,0,1,1.000,2,16,1.99,1.50,OF,montgra01
701,Steve Montgomery,26,OAK,AL,4,0,0,6.1,1,1,0,0,0,1.000,,,1.42,0.25,P,montgst01
702,Eric Moody,26,TEX,AL,10,1,0,19.0,3,1,2,0,0,1.000,,,1.42,0.30,P,moodyer01
703,Mickey Morandini,31,PHI,NL,146,142,130,1222.2,610,254,350,6,87,.990,-7,-7,4.45,4.11,2B-SS,moranmi01
704,Mike Mordecai,29,ATL,NL,29,6,5,118.1,43,26,17,0,4,1.000,-1,-11,3.27,1.39,3B-1B-2B-SS-OF,mordemi01
705,Ramon Morel,22,TOT,NL,8,0,0,11.1,3,1,2,0,0,1.000,,,2.38,0.38,P,morelra01
706,Kevin Morgan,27,NYM,NL,1,0,0,2.0,1,0,1,0,0,1.000,0,60,4.50,1.00,3B,morgake01
707,Mike Morgan,37,CIN,NL,31,30,1,162.0,33,10,23,0,1,1.000,,,1.83,1.06,P,morgami01
708,Alvin Morman,28,CLE,AL,34,0,0,18.1,2,0,2,0,0,1.000,,,0.98,0.06,P,mormaal01
709,Russ Morman,35,FLA,NL,2,1,0,10.0,4,3,1,0,0,1.000,0,-36,3.60,1.33,OF-1B,mormaru01
710,Hal Morris,32,CIN,NL,89,84,77,749.0,731,672,52,7,67,.990,-1,-2,8.70,8.13,1B,morriha02
711,Matt Morris,22,STL,NL,33,33,3,217.0,38,5,28,5,1,.868,,,1.37,1.00,P,morrima01
712,Julio Mosquera,25,TOR,AL,3,2,2,18.1,12,11,1,0,0,1.000,0,0,5.89,4.00,C,mosquju01
713,James Mouton,28,HOU,NL,61,40,28,389.1,87,86,1,0,1,1.000,-2,-6,2.01,1.43,OF,moutoja01
714,Lyle Mouton,28,CHW,AL,67,56,30,471.2,131,126,1,4,0,.969,-2,-5,2.42,1.90,OF,moutoly01
715,Jamie Moyer,34,SEA,AL,30,30,2,188.2,48,14,34,0,1,1.000,,,2.29,1.60,P,moyerja01
716,Bill Mueller,26,SFG,NL,122,98,93,916.0,317,85,218,14,18,.956,4,6,2.98,2.48,3B,muellbi02
717,Terry Mulholland,34,TOT,NL,40,27,1,186.2,56,12,40,4,2,.929,,,2.51,1.30,P,mulhote01
718,Bobby Munoz,29,PHI,NL,8,7,0,33.1,8,1,6,1,0,.875,,,1.89,0.88,P,munozbo01
719,Mike Munoz,31,COL,NL,64,0,0,45.2,10,3,6,1,2,.900,,,1.77,0.14,P,munozmi01
720,Heath Murray,24,SDP,NL,17,3,0,33.1,3,1,2,0,1,1.000,,,0.81,0.18,P,murrahe01
721,Mike Mussina,28,BAL,AL,33,33,4,224.2,43,18,25,0,0,1.000,,,1.72,1.30,P,mussimi01
722,Greg Myers,31,TOT,ZZ,40,35,31,302.2,223,207,13,3,2,.987,1,4,6.54,5.50,C,myersgr01
723,Mike Myers,28,DET,AL,88,0,0,53.2,14,4,8,2,0,.857,,,2.01,0.14,P,myersmi01
724,Randy Myers,34,BAL,AL,61,0,0,59.2,4,1,3,0,0,1.000,,,0.60,0.07,P,myersra01
725,Rod Myers,24,KCR,AL,26,24,19,229.2,57,55,1,1,0,.982,2,11,2.19,2.15,OF,myersro02
726,Rodney Myers,28,CHC,NL,5,1,0,9.0,2,2,0,0,0,1.000,,,2.00,0.40,P,myersro01
727,Tim Naehring,30,BOS,AL,68,68,65,602.1,154,40,111,3,11,.981,3,6,2.26,2.22,3B,naehrti01
728,Charles Nagy,30,CLE,AL,34,34,1,227.0,61,16,45,0,0,1.000,,,2.42,1.79,P,nagych01
729,Bob Natal,31,FLA,NL,4,1,1,14.0,16,15,1,0,0,1.000,0,0,10.29,4.00,C,natalro01
730,Dan Naulty,27,MIN,AL,29,0,0,30.2,2,1,1,0,0,1.000,,,0.59,0.07,P,naultda01
731,Jaime Navarro,30,CHW,AL,33,33,2,209.2,33,15,15,3,0,.909,,,1.29,0.91,P,navarja01
732,Denny Neagle,28,ATL,NL,34,34,4,233.1,45,9,35,1,1,.978,,,1.70,1.29,P,neaglde01
733,Jeff Nelson,30,NYY,AL,77,0,0,78.2,21,4,17,0,0,1.000,,,2.40,0.27,P,nelsoje01
734,Robb Nen,27,FLA,NL,73,0,0,74.0,17,9,7,1,1,.941,,,1.95,0.22,P,nenro01
735,Phil Nevin,26,DET,AL,59,45,34,416.0,114,94,18,2,3,.982,-5,-14,2.42,1.72,OF-3B-1B-C,nevinph01
736,Marc Newfield,24,MIL,AL,28,28,11,204.0,44,43,0,1,0,.977,-5,-27,1.90,1.54,OF,newfima01
737,Warren Newson,32,TEX,AL,58,38,25,357.0,99,93,1,5,0,.949,-1,-3,2.37,1.62,OF,newsowa01
738,Melvin Nieves,25,DET,AL,100,83,79,758.1,195,187,4,4,1,.979,-9,-14,2.27,1.93,OF,nieveme01
739,Dave Nilsson,27,MIL,AL,94,92,45,730.2,686,641,39,6,71,.991,1,1,8.38,7.08,1B-OF,nilssda01
740,Otis Nixon,38,TOT,ZZ,144,143,135,1263.2,355,351,2,2,0,.994,-8,-7,2.51,2.45,OF,nixonot01
741,Hideo Nomo,28,LAD,NL,33,33,1,207.1,26,16,8,2,2,.923,,,1.04,0.73,P,nomohi01
742,Greg Norton,24,CHW,AL,11,6,5,67.0,22,4,15,3,0,.864,-2,-30,2.55,1.73,3B,nortogr01
743,Abraham Nunez,21,PIT,NL,17,10,6,99.0,51,14,37,0,5,1.000,2,27,4.64,2.43,SS-2B,nunezab01
744,Jon Nunnally,25,TOT,ZZ,69,60,36,521.2,138,133,3,2,1,.986,-3,-6,2.35,1.97,OF,nunnajo01
745,Ryan Nye,24,PHI,NL,4,2,0,12.0,4,1,3,0,1,1.000,,,3.00,1.00,P,nyery01
746,Charlie O'Brien,37,TOR,AL,69,66,62,592.1,587,543,41,3,8,.995,16,32,8.87,8.46,C,o'brich01
747,Troy O'Leary,27,BOS,AL,142,128,112,1154.0,280,266,8,6,0,.979,-2,-2,2.14,1.93,OF,o'leatr01
748,Paul O'Neill,34,NYY,AL,146,145,126,1264.0,305,293,7,5,0,.984,-18,-17,2.14,2.03,OF-1B,o'neipa01
749,Sherman Obando,27,MON,NL,15,6,0,53.0,11,11,0,0,0,1.000,0,-7,1.87,0.73,OF,obandsh01
750,Alex Ochoa,25,NYM,NL,88,54,43,534.1,113,104,7,2,1,.982,1,3,1.87,1.26,OF,ochoaal01
751,Jose Offerman,28,KCR,AL,101,100,91,870.0,464,201,254,9,64,.981,0,0,4.71,4.50,2B,offerjo01
752,Chad Ogea,26,CLE,AL,21,21,1,126.1,30,8,17,5,1,.833,,,1.78,1.19,P,ogeach01
753,Kirt Ojala,28,FLA,NL,7,5,0,28.2,8,4,4,0,1,1.000,,,2.51,1.14,P,ojalaki01
754,John Olerud,28,NYM,NL,146,141,125,1236.1,1419,1292,120,7,125,.995,3,3,10.28,9.67,1B,olerujo01
755,Omar Olivares,29,TOT,AL,32,31,3,177.1,38,12,24,2,3,.947,,,1.83,1.13,P,olivaom01
756,Darren Oliver,26,TEX,AL,32,32,3,201.1,32,7,23,2,0,.938,,,1.34,0.94,P,oliveda02
757,Joe Oliver,31,CIN,NL,108,95,77,850.0,743,681,55,7,10,.991,1,1,7.79,6.69,C-1B,olivejo01
758,Gregg Olson,30,TOT,AL,45,0,0,50.0,11,4,6,1,0,.909,,,1.80,0.22,P,olsongr01
759,Mike Oquist,29,OAK,AL,19,17,1,107.2,19,8,10,1,2,.947,,,1.50,0.95,P,oquismi01
760,Luis Ordaz,21,STL,NL,11,6,4,58.1,28,9,18,1,4,.964,1,14,4.17,2.45,SS,ordazlu01
761,Magglio Ordonez,23,CHW,AL,19,17,16,154.0,44,43,1,0,0,1.000,8,58,2.57,2.32,OF,ordonma01
762,Rey Ordóñez,26,NYM,NL,118,112,83,956.1,535,171,355,9,71,.983,20,25,4.95,4.46,SS,ordonre01
763,Kevin Orie,24,CHC,NL,112,106,84,905.1,313,91,213,9,15,.971,9,12,3.02,2.64,3B-SS,orieke01
764,Jesse Orosco,40,BAL,AL,71,0,0,50.1,9,3,6,0,0,1.000,,,1.61,0.13,P,oroscje01
765,Joe Orsulak,35,MON,NL,78,30,24,353.0,167,153,13,1,4,.994,2,7,4.23,2.13,OF-1B,orsuljo01
766,David Ortiz,21,MIN,AL,11,10,9,87.0,95,84,10,1,10,.989,0,-3,9.72,8.55,1B,ortizda01
767,Donovan Osborne,28,STL,NL,14,14,0,80.1,14,4,10,0,1,1.000,,,1.57,1.00,P,osbordo01
768,Keith Osik,28,PIT,NL,38,23,20,227.0,179,163,14,2,3,.989,0,2,7.02,4.66,C-2B-3B-1B,osikke01
769,Antonio Osuna,24,LAD,NL,48,0,0,61.2,18,3,13,2,1,.889,,,2.34,0.33,P,osunaan01
770,Ricky Otero,25,PHI,NL,42,33,28,312.1,99,95,4,0,1,1.000,1,3,2.85,2.36,OF,oterori01
771,Eric Owens,26,CIN,NL,20,12,7,111.2,16,15,0,1,0,.938,-1,-8,1.21,0.75,OF-2B,owenser01
772,Tom Pagnozzi,34,STL,NL,16,12,7,90.1,65,63,2,0,1,1.000,1,13,6.48,4.06,C-1B-3B,pagnoto01
773,Lance Painter,29,STL,NL,14,0,0,17.0,7,4,3,0,1,1.000,,,3.71,0.50,P,paintla01
774,Donn Pall,35,FLA,NL,2,0,0,2.1,0,0,0,0,0,,,,0.00,0.00,P,palldo01
775,Orlando Palmeiro,28,ANA,AL,52,24,20,273.1,81,78,1,2,0,.975,-3,-12,2.60,1.52,OF,palmeor01
776,Rafael Palmeiro,32,BAL,AL,155,151,145,1356.0,1426,1304,112,10,124,.993,10,9,9.40,9.14,1B,palmera01
777,Dean Palmer,28,TOT,AL,141,140,131,1227.0,362,99,244,19,18,.948,3,3,2.52,2.43,3B,palmede01
778,Jose Paniagua,23,MON,NL,9,3,0,18.0,4,3,1,0,0,1.000,,,2.00,0.44,P,paniajo01
779,Craig Paquette,28,KCR,AL,75,67,57,595.2,193,51,130,12,16,.938,-1,-3,2.73,2.38,3B-OF,paquecr01
780,Mark Parent,35,PHI,NL,38,35,25,289.0,247,225,21,1,2,.996,0,0,7.66,6.47,C,parenma01
781,Chan Ho Park,24,LAD,NL,32,29,2,192.0,37,7,28,2,1,.946,,,1.64,1.09,P,parkch01
782,Bob Patterson,38,CHC,NL,76,0,0,59.1,13,4,8,1,1,.923,,,1.82,0.16,P,pattebo01
783,Danny Patterson,26,TEX,AL,54,0,0,71.0,11,4,7,0,1,1.000,,,1.39,0.20,P,patteda04
784,Roger Pavlik,29,TEX,AL,11,11,0,57.2,8,3,4,1,1,.875,,,1.09,0.64,P,pavliro01
785,Rudy Pemberton,27,BOS,AL,23,18,10,155.1,39,35,2,2,1,.949,-2,-15,2.14,1.61,OF,pemberu01
786,Tony Peña,40,TOT,MLB,39,27,17,245.1,205,191,14,0,3,1.000,-7,-35,7.52,5.26,C-3B,penato01
787,Terry Pendleton,36,CIN,NL,32,25,18,219.2,52,14,35,3,1,.942,-3,-14,2.01,1.53,3B,pendlte01
788,Troy Percival,27,ANA,AL,55,0,0,52.0,4,2,2,0,0,1.000,,,0.69,0.07,P,percitr01
789,Carlos Perez,26,MON,NL,33,32,8,206.2,59,19,37,3,4,.949,,,2.44,1.70,P,perezca01
790,Eddie Pérez,29,ATL,NL,70,53,40,492.0,446,417,24,5,1,.989,-1,-3,8.07,6.30,C-1B,perezed02
791,Eduardo Perez,27,CIN,NL,85,74,56,650.0,557,506,49,2,38,.996,-5,-9,7.68,6.38,1B-OF-3B,perezed01
792,Mike Perez,32,KCR,AL,16,0,0,20.1,6,3,3,0,0,1.000,,,2.66,0.38,P,perezmi01
793,Neifi Perez,24,COL,NL,82,79,72,706.1,483,186,288,9,73,.981,3,4,6.04,5.39,SS-2B-3B,perezne01
794,Robert Perez,28,TOR,AL,25,16,11,153.0,35,35,0,0,0,1.000,2,16,2.06,1.40,OF,perezro01
795,Tomas Perez,23,TOR,AL,40,39,34,333.2,184,58,123,3,25,.984,3,10,4.88,4.53,SS-2B,perezto03
796,Yorkis Perez,29,NYM,NL,9,0,0,8.2,0,0,0,0,0,,,,0.00,0.00,P,perezyo01
797,Matt Perisho,22,ANA,AL,11,8,0,45.0,9,2,7,0,0,1.000,,,1.80,0.82,P,perisma01
798,Robert Person,27,TOR,AL,23,22,0,128.1,13,4,8,1,1,.923,,,0.84,0.52,P,persoro01
799,Roberto Petagine,26,NYM,NL,6,0,0,23.0,13,10,3,0,0,1.000,1,47,5.09,1.86,1B-OF,petagro01
800,Chris Peters,25,PIT,NL,31,1,0,37.1,10,2,8,0,0,1.000,,,2.41,0.32,P,peterch01
801,Mark Petkovsek,31,STL,NL,55,2,0,96.0,31,11,19,1,3,.968,,,2.81,0.55,P,petkoma01
802,Andy Pettitte,25,NYY,AL,35,35,4,240.1,54,9,44,1,4,.981,,,1.98,1.51,P,pettian01
803,J.R. Phillips,27,HOU,NL,6,2,0,21.1,9,9,0,0,1,1.000,-1,-28,3.80,1.50,1B-OF,phillj.01
804,Tony Phillips,38,TOT,AL,113,111,89,954.0,340,211,118,11,23,.968,-8,-9,3.10,2.84,OF-2B-3B,phillto02
805,Mike Piazza,28,LAD,NL,139,138,117,1200.0,1135,1045,74,16,10,.986,-2,-2,8.39,8.05,C,piazzmi01
806,Hipolito Pichardo,27,KCR,AL,47,0,0,49.0,20,8,12,0,2,1.000,,,3.67,0.43,P,pichahi01
807,Marc Pisciotta,26,CHC,NL,24,0,0,28.1,6,2,4,0,0,1.000,,,1.91,0.25,P,piscima01
808,Jim Pittsley,23,KCR,AL,21,21,0,112.0,17,6,10,1,0,.941,,,1.29,0.76,P,pittsji01
809,Erik Plantenberg,28,PHI,NL,35,0,0,25.2,5,2,2,1,0,.800,,,1.40,0.11,P,planter01
810,Phil Plantier,28,TOT,NL,35,34,14,263.0,57,55,1,1,0,.982,-2,-7,1.92,1.60,OF,plantph01
811,Dan Plesac,35,TOR,AL,73,0,0,50.1,1,0,1,0,0,1.000,,,0.18,0.01,P,plesada01
812,Eric Plunk,33,CLE,AL,55,0,0,65.2,8,2,4,2,0,.750,,,0.82,0.11,P,plunker01
813,Kevin Polcovich,27,PIT,NL,82,76,59,646.0,385,125,248,12,39,.969,-7,-13,5.20,4.49,SS-2B-3B,polcoke01
814,Jim Poole,31,SFG,NL,63,0,0,49.1,10,2,6,2,0,.800,,,1.46,0.13,P,pooleji02
815,Mark Portugal,34,PHI,NL,3,3,0,13.2,4,1,2,1,0,.750,,,1.98,1.00,P,portuma01
816,Jorge Posada,26,NYY,AL,60,52,50,479.1,393,367,23,3,3,.992,-6,-15,7.32,6.50,C,posadjo01
817,Scott Pose,30,NYY,AL,45,18,13,225.1,46,44,2,0,1,1.000,1,4,1.84,1.02,OF,posesc01
818,Dante Powell,23,SFG,NL,22,6,6,91.2,26,26,0,0,0,1.000,-3,-41,2.55,1.18,OF,powelda01
819,Jay Powell,25,FLA,NL,74,0,0,79.2,25,5,16,4,2,.840,,,2.37,0.28,P,powelja04
820,Arquimedez Pozo,23,BOS,AL,4,4,4,35.1,19,4,14,1,1,.947,0,0,4.58,4.50,3B,pozoar01
821,Todd Pratt,30,NYM,NL,36,28,25,272.0,210,186,22,2,3,.990,4,18,6.88,5.78,C,prattto02
822,Curtis Pride,28,DET,AL,35,24,16,221.2,50,49,0,1,0,.980,-3,-18,1.99,1.40,OF,pridecu01
823,Ariel Prieto,27,OAK,AL,22,22,0,125.0,33,9,19,5,2,.848,,,2.02,1.27,P,prietar01
824,Tom Prince,32,LAD,NL,45,24,23,259.1,247,221,25,1,5,.996,6,28,8.54,5.47,C,princto01
825,Tim Pugh,30,DET,AL,2,2,0,9.0,2,0,2,0,0,1.000,,,2.00,1.00,P,pughti01
826,Harvey Pulliam,29,COL,NL,33,7,5,111.2,26,23,2,1,0,.962,1,10,2.01,0.76,OF,pulliha01
827,Paul Quantrill,28,TOR,AL,77,0,0,88.0,21,1,17,3,3,.857,,,1.84,0.23,P,quantpa01
828,Brian Raabe,29,TOT,MLB,3,1,0,15.0,5,1,4,0,0,1.000,1,48,3.00,1.25,2B-3B,raabebr01
829,Scott Radinsky,29,LAD,NL,75,0,0,62.1,11,3,8,0,2,1.000,,,1.59,0.15,P,radinsc01
830,Brad Radke,24,MIN,AL,35,35,4,239.2,46,15,31,0,5,1.000,,,1.73,1.31,P,radkebr01
831,Brady Raggio,24,STL,NL,15,4,0,31.1,7,1,6,0,0,1.000,,,2.01,0.47,P,raggibr01
832,Tim Raines,37,NYY,AL,57,51,43,452.0,81,79,1,1,0,.988,-9,-23,1.59,1.40,OF,raineti01
833,Manny Ramirez,25,CLE,AL,146,145,130,1253.2,276,259,10,7,2,.975,-8,-8,1.93,1.84,OF,ramirma02
834,Edgar Ramos,22,PHI,NL,4,2,0,14.0,2,0,2,0,0,1.000,,,1.29,0.50,P,ramosed01
835,Ken Ramos,30,HOU,NL,2,0,0,3.0,0,0,0,0,0,,0,-160,0.00,0.00,OF,ramoske01
836,Joe Randa,27,PIT,NL,125,120,103,1054.1,400,91,288,21,30,.948,13,15,3.24,2.85,3B-2B,randajo01
837,Pat Rapp,29,TOT,NL,27,25,1,141.2,31,8,20,3,2,.903,,,1.78,1.04,P,rapppa01
838,Jeff Reboulet,33,BAL,AL,95,56,46,561.0,276,106,163,7,32,.975,7,14,4.32,2.74,2B-SS-3B-OF,rebouje01
839,Jeff Reed,34,COL,NL,78,67,62,603.0,471,428,37,6,8,.987,1,2,6.94,5.96,C,reedje02
840,Jody Reed,34,DET,AL,41,28,23,250.0,158,49,107,2,18,.987,2,10,5.62,3.80,2B,reedjo01
841,Rick Reed,32,NYM,NL,33,31,2,208.1,51,22,27,2,2,.961,,,2.12,1.48,P,reedri01
842,Steve Reed,32,COL,NL,63,0,0,62.1,14,1,12,1,0,.929,,,1.88,0.21,P,reedst01
843,Pokey Reese,24,CIN,NL,125,97,89,930.1,481,182,284,15,58,.969,-3,-4,4.51,3.70,SS-2B-3B,reesepo01
844,Bryan Rekar,25,COL,NL,2,2,0,9.1,2,2,0,0,1,1.000,,,1.93,1.00,P,rekarbr01
845,Desi Relaford,23,PHI,NL,12,10,10,93.0,44,12,31,1,3,.977,-2,-23,4.16,3.58,SS,relafde01
846,Mike Remlinger,31,CIN,NL,69,12,2,124.0,28,6,21,1,0,.964,,,1.96,0.39,P,remlimi01
847,Edgar Renteria,20,FLA,NL,153,149,145,1328.2,674,242,415,17,95,.975,-3,-3,4.45,4.29,SS,renteed01
848,Alberto Reyes,27,MIL,AL,19,0,0,29.2,7,1,6,0,0,1.000,,,2.12,0.37,P,reyesal01
849,Carlos Reyes,28,OAK,AL,37,6,0,77.1,17,6,11,0,1,1.000,,,1.98,0.46,P,reyesca01
850,Dennys Reyes,20,LAD,NL,14,5,0,47.0,18,1,16,1,0,.944,,,3.26,1.21,P,reyesde01
851,Shane Reynolds,29,HOU,NL,30,30,2,181.0,45,10,31,4,4,.911,,,2.04,1.37,P,reynosh01
852,Armando Reynoso,31,NYM,NL,16,16,1,91.1,25,7,17,1,1,.960,,,2.36,1.50,P,reynoar02
853,Arthur Rhodes,27,BAL,AL,53,0,0,95.1,21,4,16,1,1,.952,,,1.89,0.38,P,rhodear01
854,Brad Rigby,24,OAK,AL,14,14,0,77.2,20,5,14,1,2,.950,,,2.20,1.36,P,rigbybr01
855,Adam Riggs,24,LAD,NL,8,7,6,57.0,25,6,19,0,3,1.000,-1,-27,3.95,3.13,2B,riggsad01
856,Ricardo Rincon,27,PIT,NL,62,0,0,60.0,9,3,6,0,0,1.000,,,1.35,0.15,P,rincori01
857,Danny Rios,24,NYY,AL,2,0,0,2.1,1,1,0,0,0,1.000,,,3.86,0.50,P,riosda01
858,Billy Ripken,32,TEX,AL,70,57,38,515.1,279,116,158,5,39,.982,2,4,4.79,3.51,SS-2B-3B-1B,ripkebi01
859,Cal Ripken Jr.,36,BAL,AL,162,162,137,1406.0,436,100,314,22,25,.950,-3,-3,2.65,2.51,3B-SS,ripkeca01
860,Bill Risley,30,TOR,AL,3,0,0,4.1,0,0,0,0,0,,,,0.00,0.00,P,rislebi01
861,Todd Ritchie,25,MIN,AL,42,0,0,74.2,13,3,10,0,1,1.000,,,1.57,0.31,P,ritchto01
862,Kevin Ritz,32,COL,NL,18,18,1,107.1,28,13,15,0,3,1.000,,,2.35,1.56,P,ritzke01
863,Luis Rivera,33,HOU,NL,7,2,2,40.0,20,9,9,2,4,.900,-1,-30,4.05,2.57,SS-2B,riverlu01
864,Mariano Rivera,27,NYY,AL,66,0,0,71.2,20,11,9,0,0,1.000,,,2.51,0.30,P,riverma01
865,Ruben Rivera,23,SDP,NL,7,3,1,38.0,13,13,0,0,0,1.000,0,9,3.08,1.86,OF,riverru01
866,Joe Roa,25,SFG,NL,28,3,0,65.2,23,6,16,1,4,.957,,,3.02,0.79,P,roajo01
867,Bip Roberts,33,TOT,AL,109,103,71,862.2,243,186,50,7,11,.971,6,8,2.46,2.02,OF-2B-3B,roberbi01
868,Mike Robertson,26,PHI,NL,9,6,4,63.0,29,28,1,0,1,1.000,0,-8,4.14,2.90,OF-1B,robermi01
869,Rich Robertson,28,MIN,AL,31,26,0,147.0,21,6,13,2,2,.905,,,1.16,0.61,P,roberri02
870,Ken Robinson,27,TOR,AL,3,0,0,3.1,3,1,2,0,1,1.000,,,8.10,1.00,P,robinke01
871,Alex Rodriguez,21,SEA,AL,140,140,133,1233.2,627,209,394,24,83,.962,-5,-5,4.40,4.31,SS,rodrial01
872,Felix Rodriguez,24,CIN,NL,26,1,0,46.0,2,0,2,0,0,1.000,,,0.39,0.08,P,rodrife01
873,Frankie Rodriguez,24,MIN,AL,43,15,0,142.1,36,10,24,2,2,.944,,,2.15,0.79,P,rodrifr02
874,Henry Rodriguez,29,MON,NL,128,126,71,1027.2,229,220,6,3,3,.987,5,5,1.98,1.75,OF-1B,rodrihe02
875,Ivan Rodriguez,25,TEX,AL,143,139,127,1201.0,903,821,75,7,11,.992,21,21,6.71,6.27,C,rodriiv01
876,Nerio Rodriguez,26,BAL,AL,6,2,0,22.0,5,0,5,0,0,1.000,,,2.05,0.83,P,rodrine01
877,Rich Rodriguez,34,SFG,NL,71,0,0,65.1,23,5,17,1,1,.957,,,3.03,0.31,P,rodriri02
878,Kenny Rogers,32,NYY,AL,31,22,1,145.0,57,13,42,2,3,.965,,,3.41,1.77,P,rogerke01
879,Dan Rohrmeier,31,SEA,AL,3,0,0,5.0,7,6,1,0,0,1.000,1,120,12.60,2.33,1B,rohrmda01
880,Mel Rojas,30,TOT,NL,77,0,0,85.1,10,2,7,1,0,.900,,,0.95,0.12,P,rojasme01
881,Scott Rolen,22,PHI,NL,155,155,147,1337.0,459,144,291,24,30,.948,3,3,2.93,2.81,3B,rolensc01
882,Mandy Romero,29,SDP,NL,19,9,9,100.2,104,96,8,0,0,1.000,-2,-24,9.30,5.47,C,romerma01
883,Jose Rosado,22,KCR,AL,33,33,2,203.1,36,11,24,1,2,.972,,,1.55,1.06,P,rosadjo01
884,Melvin Rosario,24,BAL,AL,4,0,0,11.0,8,7,0,1,0,.875,-1,-109,5.73,1.75,C,rosarme01
885,Brian Rose,21,BOS,AL,1,1,0,3.0,0,0,0,0,0,,,,0.00,0.00,P,rosebr01
886,Pete Rose,27,CIN,NL,3,1,1,17.2,11,6,3,2,0,.818,-2,-129,4.58,3.00,3B-1B,rosepe02
887,Matt Ruebel,27,PIT,NL,44,0,0,62.2,15,3,9,3,0,.800,,,1.72,0.27,P,ruebema01
888,Kirk Rueter,26,SFG,NL,32,32,0,190.2,59,6,53,0,4,1.000,,,2.78,1.84,P,rueteki01
889,Scott Ruffcorn,27,PHI,NL,18,4,0,39.2,7,3,3,1,0,.857,,,1.36,0.33,P,ruffcsc01
890,Bruce Ruffin,33,COL,NL,23,0,0,22.0,3,1,2,0,0,1.000,,,1.23,0.13,P,ruffibr01
891,Glendon Rusch,22,KCR,AL,30,27,1,170.1,21,8,13,0,1,1.000,,,1.11,0.70,P,ruschgl01
892,Ken Ryan,28,PHI,NL,22,0,0,20.2,5,3,2,0,0,1.000,,,2.18,0.23,P,ryanke01
893,Bret Saberhagen,33,BOS,AL,6,6,0,26.0,4,1,2,1,1,.750,,,1.04,0.50,P,saberbr01
894,A.J. Sager,32,DET,AL,38,1,0,84.0,16,3,13,0,0,1.000,,,1.71,0.42,P,sagera.01
895,Marc Sagmoen,26,TEX,AL,17,10,9,102.0,25,25,0,0,0,1.000,-1,-7,2.21,1.39,OF-1B,sagmoma01
896,Tim Salmon,28,ANA,AL,153,153,152,1372.2,378,352,15,11,5,.971,0,0,2.41,2.40,OF,salmoti01
897,Juan Samuel,36,TOR,AL,22,12,10,130.1,48,34,14,0,7,1.000,-2,-15,3.31,2.18,3B-1B-2B-OF,samueju01
898,Rey Sanchez,29,TOT,MLB,126,89,65,840.1,443,166,267,10,50,.977,-1,-2,4.64,3.12,2B-SS-3B,sanchre01
899,Ryne Sandberg,37,CHC,NL,126,115,102,991.2,508,203,297,8,58,.984,3,4,4.54,3.97,2B,sandbry01
900,Deion Sanders,29,CIN,NL,113,111,94,958.0,243,236,3,4,1,.984,-4,-5,2.25,2.12,OF,sandede02
901,Reggie Sanders,29,CIN,NL,85,84,82,753.0,192,183,4,5,1,.974,3,4,2.24,2.20,OF,sandere02
902,Scott Sanders,28,TOT,AL,47,20,1,139.2,17,6,10,1,0,.941,,,1.03,0.34,P,sandesc02
903,Julio Santana,24,TEX,AL,30,14,0,104.0,21,6,15,0,3,1.000,,,1.82,0.70,P,santaju01
904,F.P. Santangelo,29,MON,NL,123,93,70,880.2,234,175,56,3,4,.987,3,4,2.36,1.66,OF-3B-2B-SS,santaf.01
905,Benito Santiago,32,TOR,AL,95,93,89,819.1,663,621,40,2,10,.997,5,7,7.26,6.96,C,santibe01
906,Jose Santiago,22,KCR,AL,4,0,0,4.2,0,0,0,0,0,,,,0.00,0.00,P,santijo03
907,Tony Saunders,23,FLA,NL,22,21,0,111.1,15,2,11,2,0,.867,,,1.05,0.59,P,saundto01
908,Steve Scarsone,31,STL,NL,4,3,1,26.0,6,4,2,0,0,1.000,0,0,2.08,1.20,2B-3B-OF,scarsst01
909,Curt Schilling,30,PHI,NL,35,35,7,254.1,49,20,28,1,2,.980,,,1.70,1.37,P,schilcu01
910,Jason Schmidt,24,PIT,NL,32,32,2,187.2,32,13,19,0,0,1.000,,,1.53,1.00,P,schmija01
911,Pete Schourek,28,CIN,NL,18,17,0,84.2,11,3,8,0,0,1.000,,,1.17,0.61,P,schoupe01
912,Tim Scott,30,TOT,NL,17,0,0,21.0,9,4,5,0,0,1.000,,,3.86,0.53,P,scottti01
913,Kevin Sefcik,26,PHI,NL,35,22,16,221.0,105,39,62,4,9,.962,-2,-9,4.11,2.81,2B-SS-3B,sefcike01
914,David Segui,30,MON,NL,125,125,110,1071.2,1129,1035,88,6,104,.995,-4,-4,9.43,8.98,1B,seguida01
915,Kevin Seitzer,35,CLE,AL,32,24,18,225.0,185,149,33,3,17,.984,-2,-9,7.28,5.69,1B-3B,seitzke01
916,Aaron Sele,27,BOS,AL,33,33,1,177.1,36,10,25,1,2,.972,,,1.78,1.06,P,seleaa01
917,Dan Serafini,23,MIN,AL,6,4,1,26.1,1,0,1,0,0,1.000,,,0.34,0.17,P,serafda01
918,Scott Servais,30,CHC,NL,118,110,103,968.0,817,736,73,8,9,.990,5,6,7.52,6.80,C-1B,servasc01
919,Scott Service,30,TOT,ZZ,16,0,0,22.1,4,2,2,0,0,1.000,,,1.61,0.25,P,servisc01
920,Richie Sexson,22,CLE,AL,2,2,1,17.0,12,11,1,0,0,1.000,0,14,6.35,6.00,1B,sexsori01
921,Jeff Shaw,30,CIN,NL,78,0,0,94.2,25,12,13,0,1,1.000,,,2.38,0.32,P,shawje01
922,Danny Sheaffer,35,STL,NL,56,25,12,268.2,85,43,40,2,4,.976,-4,-17,2.78,1.30,3B-OF-C-2B,sheafda01
923,Andy Sheets,25,SEA,AL,32,28,22,249.0,84,14,62,8,5,.905,-2,-10,2.75,2.38,3B-SS-2B,sheetan01
924,Gary Sheffield,28,FLA,NL,132,132,107,1115.1,245,226,14,5,1,.980,-15,-16,1.94,1.82,OF,sheffga01
925,Scott Sheldon,28,OAK,AL,13,9,3,77.2,36,16,18,2,5,.944,-1,-20,3.94,2.43,SS-2B-3B,sheldsc01
926,Craig Shipley,34,SDP,NL,41,25,17,242.1,148,69,73,6,13,.959,-6,-29,5.27,3.30,SS-2B-1B-3B,shiplcr01
927,Paul Shuey,26,CLE,AL,40,0,0,45.0,10,3,7,0,0,1.000,,,2.00,0.25,P,shueypa01
928,Terry Shumpert,30,SDP,NL,10,8,6,76.0,42,23,17,2,4,.952,-4,-62,4.74,3.33,2B-3B-OF,shumpte01
929,Ruben Sierra,31,TOT,ZZ,31,29,23,250.2,51,47,3,1,0,.980,3,12,1.80,1.61,OF,sierrru01
930,Jose Silva,23,PIT,NL,11,4,0,36.1,4,3,1,0,0,1.000,,,0.99,0.36,P,silvajo01
931,Dave Silvestri,29,TEX,AL,2,1,1,10.0,2,0,2,0,0,1.000,-1,-72,1.80,1.00,SS-3B,silveda01
932,Bill Simas,25,CHW,AL,40,0,0,41.1,6,3,3,0,0,1.000,,,1.31,0.15,P,simasbi01
933,Mike Simms,30,TEX,AL,20,12,1,97.0,39,36,1,2,2,.949,-2,-25,3.43,1.76,OF-1B,simmsmi01
934,Randall Simon,22,ATL,NL,6,2,2,23.0,18,16,2,0,2,1.000,-1,-42,7.04,3.00,1B,simonra01
935,Mike Sirotka,26,CHW,AL,7,4,0,32.0,5,1,3,1,0,.800,,,1.13,0.57,P,sirotmi01
936,Don Slaught,38,SDP,NL,6,2,2,24.1,18,15,3,0,0,1.000,-1,-49,6.66,3.00,C,slaugdo01
937,Heathcliff Slocumb,31,TOT,AL,76,0,0,75.0,14,7,6,1,1,.929,,,1.56,0.17,P,slocuhe01
938,Aaron Small,25,OAK,AL,71,0,0,96.2,21,5,15,1,2,.952,,,1.86,0.28,P,smallaa01
939,John Smiley,32,TOT,ZZ,26,26,0,154.1,16,0,16,0,0,1.000,,,0.93,0.62,P,smilejo01
940,Lee Smith,39,MON,NL,25,0,0,21.2,5,1,4,0,0,1.000,,,2.08,0.20,P,smithle02
941,Mark Smith,27,PIT,NL,49,41,22,353.0,120,111,9,0,1,1.000,1,2,3.06,2.35,OF-1B,smithma03
942,Pete Smith,31,SDP,NL,37,15,0,118.0,31,6,24,1,1,.968,,,2.29,0.81,P,smithpe02
943,John Smoltz,30,ATL,NL,35,35,7,256.0,62,29,31,2,2,.968,,,2.11,1.71,P,smoltjo01
944,Chris Snopek,26,CHW,AL,85,81,76,719.0,202,61,125,16,13,.921,-8,-14,2.33,2.16,3B-SS,snopech01
945,J.T. Snow,29,SFG,NL,156,151,145,1333.1,1423,1308,108,7,133,.995,-4,-3,9.56,9.08,1B,snowj.01
946,Clint Sodowsky,24,PIT,NL,45,0,0,52.0,8,3,5,0,0,1.000,,,1.38,0.18,P,sodowcl01
947,Luis Sojo,32,NYY,AL,76,52,39,507.1,289,131,153,5,39,.983,-6,-14,5.04,3.51,2B-SS-3B-1B,sojolu01
948,Paul Sorrento,31,SEA,AL,139,119,93,1057.2,1019,929,86,4,89,.996,2,2,8.64,7.30,1B,sorrepa01
949,Sammy Sosa,28,CHC,NL,161,161,159,1417.0,349,325,16,8,1,.977,17,14,2.17,2.12,OF,sosasa01
950,Tim Spehr,30,TOT,ZZ,24,14,7,130.0,123,110,11,2,1,.984,1,9,8.38,5.04,C,spehrti01
951,Bill Spiers,31,HOU,NL,113,67,48,676.0,322,104,200,18,32,.944,10,17,4.05,2.45,3B-SS-1B-2B,spierbi01
952,Scott Spiezio,24,OAK,AL,146,140,134,1257.0,702,280,415,7,93,.990,7,7,4.98,4.73,2B-3B,spiezsc01
953,Paul Spoljaric,26,TOT,AL,57,0,0,70.2,17,6,11,0,1,1.000,,,2.17,0.30,P,spoljpa01
954,Jerry Spradlin,30,PHI,NL,76,0,0,81.2,11,9,2,0,0,1.000,,,1.21,0.14,P,spradje01
955,Ed Sprague,29,TOR,AL,129,129,114,1120.1,326,106,202,18,19,.945,-7,-8,2.47,2.39,3B,spraged02
956,Dennis Springer,32,ANA,AL,32,28,3,194.2,39,12,25,2,3,.949,,,1.71,1.16,P,sprinde01
957,Russ Springer,28,HOU,NL,54,0,0,55.1,11,5,5,1,1,.909,,,1.63,0.19,P,sprinru01
958,Scott Stahoviak,27,MIN,AL,81,71,60,629.0,672,607,58,7,67,.990,0,1,9.52,8.21,1B,stahosc01
959,Matt Stairs,29,OAK,AL,92,68,50,638.0,155,142,9,4,2,.974,-15,-29,2.13,1.57,OF-1B,stairma01
960,Rob Stanifer,25,FLA,NL,36,0,0,45.0,8,1,6,1,1,.875,,,1.40,0.19,P,staniro01
961,Andy Stankiewicz,32,MON,NL,40,17,14,188.2,104,33,68,3,14,.971,-3,-20,4.82,2.40,2B-SS-3B,stankan01
962,Mike Stanley,34,TOT,AL,54,39,30,382.2,380,354,24,2,34,.995,-5,-14,8.89,6.52,1B-C,stanlmi02
963,Mike Stanton,30,NYY,AL,64,0,0,66.2,9,3,6,0,0,1.000,,,1.22,0.14,P,stantmi02
964,Terry Steinbach,35,MIN,AL,118,113,102,998.0,714,657,51,6,4,.992,-3,-3,6.38,6.00,C-1B,steinte01
965,Garrett Stephenson,25,PHI,NL,20,18,2,117.0,29,15,14,0,0,1.000,,,2.23,1.45,P,stephga01
966,Dave Stevens,27,TOT,ZZ,16,6,0,32.1,4,3,1,0,0,1.000,,,1.11,0.25,P,steveda01
967,Lee Stevens,29,TEX,AL,82,74,54,629.0,522,486,33,3,45,.994,-3,-5,7.43,6.18,1B-OF,stevele01
968,Andy Stewart,26,KCR,AL,4,1,1,14.2,11,10,1,0,0,1.000,0,0,6.75,2.75,C,stewaan01
969,Shannon Stewart,23,TOR,AL,41,40,40,352.2,100,97,1,2,0,.980,-8,-26,2.50,2.39,OF,stewash01
970,Kelly Stinnett,27,MIL,AL,25,9,4,98.0,87,81,5,1,1,.989,1,12,7.90,3.44,C,stinnke01
971,Kevin Stocker,27,PHI,NL,147,146,139,1262.1,577,190,376,11,74,.981,4,4,4.04,3.85,SS,stockke01
972,Todd Stottlemyre,32,STL,NL,28,28,0,181.0,34,12,21,1,0,.971,,,1.64,1.18,P,stottto01
973,Doug Strange,33,MON,NL,109,89,78,820.1,259,70,176,13,15,.950,5,7,2.70,2.22,3B-2B-1B-OF,strando01
974,Darryl Strawberry,35,NYY,AL,4,4,3,30.0,5,5,0,0,0,1.000,0,4,1.50,1.25,OF,strawda01
975,Everett Stull,25,MON,NL,3,0,0,3.1,0,0,0,0,0,,,,0.00,0.00,P,stullev01
976,Tanyon Sturtze,26,TEX,AL,9,5,0,32.2,1,0,1,0,0,1.000,,,0.28,0.11,P,sturtta01
977,Chris Stynes,24,CIN,NL,49,49,38,420.0,121,86,33,2,3,.983,6,18,2.55,2.43,OF-2B-3B,stynech01
978,Scott Sullivan,26,CIN,NL,59,0,0,97.1,17,4,11,2,0,.882,,,1.39,0.25,P,sullisc01
979,Jeff Suppan,22,BOS,AL,23,22,0,112.1,17,6,8,3,2,.824,,,1.12,0.61,P,suppaje01
980,B.J. Surhoff,32,BAL,AL,137,131,116,1166.0,286,268,16,2,8,.993,13,14,2.19,2.04,OF-1B-3B,surhob.01
981,Larry Sutton,27,KCR,AL,13,11,9,111.0,100,92,8,0,11,1.000,1,9,8.11,7.69,1B-OF,suttola01
982,Dale Sveum,33,PIT,NL,85,64,45,603.2,304,154,142,8,29,.974,-4,-9,4.41,3.02,3B-SS-1B-2B,sveumda01
983,Dave Swartzbaugh,29,CHC,NL,2,2,0,8.0,1,0,1,0,0,1.000,,,1.13,0.50,P,swartda01
984,Mark Sweeney,27,TOT,NL,55,23,10,257.1,78,72,4,2,6,.974,-2,-8,2.66,1.36,OF-1B,sweenma01
985,Mike Sweeney,23,KCR,AL,76,63,54,579.2,459,425,31,3,13,.993,4,8,7.08,6.00,C,sweenmi01
986,Bill Swift,35,COL,NL,14,13,0,65.1,27,4,22,1,2,.963,,,3.58,1.86,P,swiftbi02
987,Greg Swindell,32,MIN,AL,65,1,0,115.2,23,12,11,0,1,1.000,,,1.79,0.35,P,swindgr01
988,Jeff Tabaka,33,CIN,NL,3,0,0,2.0,0,0,0,0,0,,,,0.00,0.00,P,tabakje01
989,Kevin Tapani,33,CHC,NL,13,13,1,85.0,14,4,10,0,0,1.000,,,1.48,1.08,P,tapanke01
990,Tony Tarasco,26,BAL,AL,81,39,29,423.0,110,105,4,1,1,.991,3,9,2.32,1.35,OF,tarasto01
991,Danny Tartabull,34,PHI,NL,3,3,1,21.0,2,2,0,0,0,1.000,-1,-40,0.86,0.67,OF,tartada01
992,Fernando Tatís,22,TEX,AL,60,60,58,529.1,142,45,90,7,5,.951,2,5,2.30,2.25,3B,tatisfe01
993,Ramon Tatis,24,CHC,NL,56,0,0,55.2,17,6,10,1,2,.941,,,2.59,0.29,P,tatisra01
994,Ed Taubensee,28,CIN,NL,78,58,36,503.2,439,408,26,5,10,.989,-10,-24,7.76,5.29,C-OF-1B,taubeed01
995,Jesus Tavarez,26,BOS,AL,35,18,13,176.1,51,49,1,1,1,.980,1,7,2.55,1.43,OF,tavarje01
996,Julian Tavarez,24,SFG,NL,89,0,0,88.1,20,5,13,2,2,.900,,,1.83,0.20,P,tavarju01
997,Billy Taylor,35,OAK,AL,72,0,0,73.0,16,3,13,0,1,1.000,,,1.97,0.22,P,taylobi04
998,Miguel Tejada,23,OAK,AL,26,25,22,227.2,126,54,68,4,18,.968,-3,-13,4.82,4.69,SS,tejadmi01
999,Amaury Telemaco,23,CHC,NL,10,5,0,38.0,8,3,5,0,0,1.000,,,1.89,0.80,P,telemam01
1000,Anthony Telford,31,MON,NL,65,0,0,89.0,31,7,23,1,1,.968,,,3.03,0.46,P,telfoan01
1001,Dave Telgheder,30,OAK,AL,20,19,0,101.0,33,9,24,0,4,1.000,,,2.94,1.65,P,telghda01
1002,Bob Tewksbury,36,MIN,AL,26,26,5,168.2,51,21,30,0,7,1.000,,,2.72,1.96,P,tewksbo01
1003,Frank Thomas,29,CHW,AL,97,97,76,822.2,799,739,49,11,70,.986,-4,-5,8.62,8.12,1B,thomafr04
1004,Larry Thomas,27,CHW,AL,5,0,0,3.1,1,1,0,0,0,1.000,,,2.70,0.20,P,thomala01
1005,Jim Thome,26,CLE,AL,145,140,132,1224.2,1338,1233,95,10,123,.993,-6,-5,9.76,9.16,1B,thomeji01
1006,Justin Thompson,24,DET,AL,32,32,4,223.1,42,11,31,0,3,1.000,,,1.69,1.31,P,thompju02
1007,Mark Thompson,26,COL,NL,6,6,0,29.2,7,2,5,0,0,1.000,,,2.12,1.17,P,thompma01
1008,John Thomson,23,COL,NL,27,27,2,166.1,35,9,24,2,2,.943,,,1.79,1.22,P,thomsjo01
1009,Gary Thurman,32,NYM,NL,7,0,0,10.1,4,4,0,0,0,1.000,1,81,3.48,0.57,OF,thurmga01
1010,Mike Thurman,23,MON,NL,5,2,0,11.2,4,0,4,0,0,1.000,,,3.09,0.80,P,thurmmi01
1011,Mike Timlin,31,TOT,AL,64,0,0,72.2,22,8,13,1,2,.955,,,2.60,0.33,P,timlimi01
1012,Ozzie Timmons,26,CIN,NL,1,1,1,9.0,1,0,0,1,0,.000,0,0,0.00,0.00,OF,timmooz01
1013,Lee Tinsley,28,SEA,AL,41,31,28,302.0,70,68,2,0,2,1.000,8,32,2.09,1.71,OF,tinslle01
1014,Andy Tomberlin,30,NYM,NL,2,1,0,8.1,2,2,0,0,0,1.000,-1,-86,2.16,1.00,OF,tombean01
1015,Brett Tomko,24,CIN,NL,22,19,0,126.0,17,6,9,2,1,.882,,,1.07,0.68,P,tomkobr01
1016,Salomon Torres,25,TOT,ZZ,14,0,0,25.2,9,4,5,0,1,1.000,,,3.16,0.64,P,torresa01
1017,Steve Trachsel,26,CHC,NL,34,34,0,201.1,45,17,26,2,0,.956,,,1.92,1.26,P,trachst01
1018,Bubba Trammell,25,DET,AL,28,25,13,212.2,53,52,1,0,0,1.000,-2,-8,2.24,1.89,OF,trammbu01
1019,Ricky Trlicek,28,TOT,ZZ,27,0,0,32.1,9,4,5,0,1,1.000,,,2.51,0.33,P,trlicri01
1020,Mike Trombley,30,MIN,AL,67,0,0,82.1,12,6,6,0,2,1.000,,,1.31,0.18,P,trombmi01
1021,Michael Tucker,26,ATL,NL,129,121,76,1070.1,248,237,6,5,2,.980,12,13,2.04,1.88,OF,tuckemi01
1022,Chris Turner,28,ANA,AL,11,8,3,63.2,36,34,2,0,1,1.000,-1,-21,5.09,3.27,C-1B-OF,turnech01
1023,Tim Unroe,26,MIL,AL,28,3,2,69.1,70,59,9,2,6,.971,1,21,8.83,2.43,1B-3B-OF-2B,unroeti01
1024,Ugueth Urbina,23,MON,NL,63,0,0,64.1,12,3,8,1,0,.917,,,1.54,0.17,P,urbinug01
1025,Marc Valdes,25,MON,NL,48,7,0,95.0,20,9,10,1,1,.950,,,1.80,0.40,P,valdema01
1026,Ismael Valdez,23,LAD,NL,30,30,0,196.2,48,17,28,3,3,.938,,,2.06,1.50,P,valdeis01
1027,Mario Valdez,22,CHW,AL,48,35,24,312.2,268,256,12,0,19,1.000,-1,-5,7.71,5.58,1B-3B,valdema02
1028,Javier Valentin,21,MIN,AL,4,1,1,15.0,13,11,2,0,0,1.000,1,80,7.80,3.25,C,valenja01
1029,John Valentin,30,BOS,AL,143,142,137,1260.0,641,239,380,22,82,.966,1,1,4.42,4.33,2B-3B,valenjo02
1030,Jose Valentin,27,MIL,AL,134,132,117,1150.1,611,208,383,20,86,.967,1,1,4.62,4.41,SS,valenjo03
1031,Fernando Valenzuela,36,TOT,NL,18,18,1,89.0,31,5,24,2,0,.935,,,2.93,1.61,P,valenfe01
1032,John Vander Wal,31,COL,NL,14,7,4,76.0,39,38,0,1,2,.974,1,17,4.50,2.71,OF-1B,vandejo02
1033,William VanLandingham,26,SFG,NL,18,17,0,89.0,9,6,3,0,2,1.000,,,0.91,0.50,P,vanlawi01
1034,Jason Varitek,25,BOS,AL,1,0,0,1.0,1,1,0,0,0,1.000,0,0,9.00,1.00,C,varitja01
1035,Greg Vaughn,31,SDP,NL,94,88,69,758.1,161,153,7,1,0,.994,-5,-8,1.90,1.70,OF,vaughgr01
1036,Mo Vaughn,29,BOS,AL,131,131,116,1137.0,1177,1088,75,14,117,.988,-12,-12,9.21,8.88,1B,vaughmo01
1037,Jorge Velandia,22,SDP,NL,14,7,5,76.2,37,11,23,3,5,.919,-3,-49,3.99,2.43,SS-2B-3B,velanjo01
1038,Robin Ventura,29,CHW,AL,54,54,49,460.2,159,53,99,7,11,.956,7,17,2.97,2.81,3B,venturo01
1039,Dario Veras,24,SDP,NL,23,0,0,24.2,0,0,0,0,0,,,,0.00,0.00,P,verasda01
1040,Quilvio Veras,26,SDP,NL,142,134,124,1192.1,694,276,407,11,65,.984,-19,-19,5.16,4.81,2B,verasqu01
1041,Dave Veres,30,MON,NL,53,0,0,62.0,12,5,6,1,0,.917,,,1.60,0.21,P,veresda01
1042,Randy Veres,31,KCR,AL,24,0,0,35.1,7,0,6,1,0,.857,,,1.53,0.25,P,veresra01
1043,Jose Vidro,22,MON,NL,41,34,22,285.1,88,25,59,4,7,.955,-3,-13,2.65,2.05,3B-2B,vidrojo01
1044,Ron Villone,27,MIL,AL,50,0,0,52.2,10,3,6,1,2,.900,,,1.54,0.18,P,villoro01
1045,Fernando Vina,28,MIL,AL,77,74,67,657.1,383,149,227,7,53,.982,7,14,5.15,4.88,2B,vinafe01
1046,Joe Vitiello,27,KCR,AL,29,28,9,188.0,57,56,0,1,1,.982,-5,-33,2.68,1.93,OF-1B,vitiejo01
1047,Jose Vizcaino,29,SFG,NL,150,140,125,1237.0,672,206,450,16,94,.976,9,9,4.77,4.32,SS-2B,vizcajo01
1048,Omar Vizquel,30,CLE,AL,152,149,141,1307.1,684,245,429,10,98,.985,2,1,4.64,4.43,SS,vizquom01
1049,Jack Voigt,31,MIL,AL,63,40,24,380.2,155,144,10,1,15,.994,0,0,3.64,2.37,OF-1B-3B,voigtja01
1050,Ed Vosberg,35,TOT,ZZ,59,0,0,53.0,7,1,5,1,0,.857,,,1.02,0.10,P,vosbeed01
1051,Terrell Wade,24,ATL,NL,12,9,0,42.0,8,2,5,1,0,.875,,,1.50,0.58,P,wadete01
1052,Billy Wagner,25,HOU,NL,62,0,0,66.1,10,2,7,1,0,.900,,,1.22,0.15,P,wagnebi02
1053,Paul Wagner,29,TOT,ZZ,16,0,0,18.0,5,1,4,0,0,1.000,,,2.50,0.31,P,wagnepa01
1054,Dave Wainhouse,29,PIT,NL,25,0,0,28.0,7,2,4,1,0,.857,,,1.93,0.24,P,wainhda01
1055,Tim Wakefield,30,BOS,AL,35,29,4,201.1,34,9,22,3,1,.912,,,1.39,0.89,P,wakefti01
1056,Matt Walbeck,27,DET,AL,44,38,34,344.2,258,240,15,3,2,.988,-2,-7,6.66,5.80,C,walbema01
1057,Jamie Walker,25,KCR,AL,50,0,0,43.0,11,5,6,0,1,1.000,,,2.30,0.22,P,walkeja01
1058,Larry Walker,30,COL,NL,153,147,130,1273.1,270,254,14,2,7,.993,10,9,1.89,1.74,OF-1B,walkela01
1059,Todd Walker,24,MIN,AL,47,44,26,360.0,125,35,86,4,9,.968,3,11,3.03,2.52,3B-2B,walketo04
1060,Donne Wall,29,HOU,NL,8,8,0,41.2,8,2,6,0,1,1.000,,,1.73,1.00,P,walldo01
1061,Jeff Wallace,21,PIT,NL,11,0,0,12.0,2,0,2,0,0,1.000,,,1.50,0.18,P,wallaje01
1062,Jerome Walton,31,BAL,AL,22,15,7,137.0,53,52,1,0,1,1.000,0,1,3.48,2.21,OF-1B,waltoje01
1063,Turner Ward,32,PIT,NL,54,35,19,338.1,73,71,2,0,0,1.000,-7,-23,1.94,1.35,OF,wardtu01
1064,John Wasdin,24,BOS,AL,53,7,0,124.2,18,5,11,2,0,.889,,,1.16,0.30,P,wasdijo01
1065,Pat Watkins,24,CIN,NL,15,5,4,62.0,12,11,1,0,0,1.000,0,-8,1.74,0.80,OF,watkipa01
1066,Allen Watson,26,ANA,AL,35,34,0,199.0,41,4,34,3,1,.927,,,1.72,1.09,P,watsoal01
1067,David Weathers,27,TOT,AL,19,1,0,25.2,4,2,2,0,0,1.000,,,1.40,0.21,P,weathda01
1068,Lenny Webster,32,BAL,AL,97,73,66,676.1,571,532,36,3,5,.995,1,2,7.56,5.86,C,webstle01
1069,John Wehner,30,FLA,NL,33,5,4,92.2,17,14,3,0,0,1.000,-3,-38,1.65,0.52,OF-3B,wehnejo01
1070,Walt Weiss,33,COL,NL,119,112,101,970.1,573,191,372,10,88,.983,6,7,5.22,4.73,SS,weisswa01
1071,Bob Wells,30,SEA,AL,46,1,0,67.1,13,7,6,0,0,1.000,,,1.74,0.28,P,wellsbo01
1072,David Wells,34,NYY,AL,32,32,5,218.0,41,8,29,4,2,.902,,,1.53,1.16,P,wellsda01
1073,Turk Wendell,30,TOT,NL,65,0,0,76.1,21,6,13,2,2,.905,,,2.24,0.29,P,wendetu01
1074,Don Wengert,27,OAK,AL,49,12,1,134.0,30,13,16,1,2,.967,,,1.95,0.59,P,wengedo01
1075,John Wetteland,30,TEX,AL,61,0,0,65.0,7,1,6,0,0,1.000,,,0.97,0.11,P,wettejo01
1076,Matt Whisenant,26,TOT,ZZ,28,0,0,21.2,5,0,3,2,1,.600,,,1.25,0.11,P,whisema01
1077,Devon White,34,FLA,NL,71,66,61,586.2,158,152,4,2,1,.987,5,10,2.39,2.20,OF,whitede03
1078,Gabe White,25,CIN,NL,12,6,0,41.0,4,1,3,0,1,1.000,,,0.88,0.33,P,whitega01
1079,Rondell White,25,MON,NL,151,151,147,1339.0,385,376,6,3,3,.992,23,21,2.57,2.53,OF,whitero02
1080,Mark Whiten,30,NYY,AL,57,48,45,467.0,109,102,2,5,0,.954,-4,-11,2.00,1.82,OF,whitema01
1081,Matt Whiteside,29,TEX,AL,42,1,0,72.2,26,9,16,1,1,.962,,,3.10,0.60,P,whitema02
1082,Bob Wickman,28,MIL,AL,74,0,0,95.2,20,6,14,0,4,1.000,,,1.88,0.27,P,wickmbo01
1083,Chris Widger,26,MON,NL,85,78,69,694.1,567,516,40,11,2,.981,-18,-31,7.21,6.54,C,widgech01
1084,Marc Wilkins,26,PIT,NL,70,0,0,75.2,5,1,4,0,1,1.000,,,0.59,0.07,P,wilkima01
1085,Rick Wilkins,30,TOT,ZZ,60,52,43,462.0,378,335,38,5,5,.987,9,23,7.27,6.22,C,wilkiri01
1086,Bernie Williams,28,NYY,AL,128,127,117,1122.2,274,270,2,2,1,.993,-7,-8,2.18,2.13,OF,willibe02
1087,Brian Williams,28,BAL,AL,13,0,0,24.0,3,1,2,0,0,1.000,,,1.13,0.23,P,willibr01
1088,Eddie Williams,32,PIT,NL,26,23,14,187.2,212,201,9,2,18,.991,-4,-24,10.07,8.08,1B,willied01
1089,George Williams,28,OAK,AL,67,55,52,498.0,370,337,27,6,3,.984,-1,-2,6.58,5.43,C,willige03
1090,Gerald Williams,30,MIL,AL,154,149,126,1317.0,371,357,11,3,4,.992,9,8,2.51,2.39,OF,willige02
1091,Matt Williams,31,CLE,AL,151,148,137,1284.2,402,89,301,12,21,.970,17,16,2.73,2.58,3B,willima04
1092,Mike Williams,28,KCR,AL,10,0,0,14.0,2,1,1,0,0,1.000,,,1.29,0.20,P,willimi03
1093,Mitch Williams,32,KCR,AL,7,0,0,6.2,0,0,0,0,0,,,,0.00,0.00,P,willimi02
1094,Shad Williams,26,ANA,AL,1,0,0,1.0,0,0,0,0,0,,,,0.00,0.00,P,willish01
1095,Woody Williams,30,TOR,AL,31,31,0,194.2,20,9,10,1,0,.950,,,0.88,0.61,P,williwo02
1096,Antone Williamson,23,MIL,AL,14,12,5,93.0,88,82,4,2,6,.977,-2,-26,8.32,6.14,1B,willian01
1097,Dan Wilson,28,SEA,AL,144,136,124,1202.0,1129,1051,72,6,13,.995,11,11,8.41,7.80,C,wilsoda01
1098,Enrique Wilson,23,CLE,AL,5,3,2,36.0,21,7,13,1,4,.952,0,-10,5.00,4.00,SS-2B,wilsoen01
1099,Scott Winchester,24,CIN,NL,5,0,0,6.0,1,0,1,0,0,1.000,,,1.50,0.20,P,winchsc01
1100,Darrin Winston,30,PHI,NL,7,1,0,12.0,1,1,0,0,0,1.000,,,0.75,0.14,P,winstda01
1101,Jay Witasick,24,OAK,AL,8,0,0,11.0,0,0,0,0,0,,,,0.00,0.00,P,witasja01
1102,Bobby Witt,33,TEX,AL,34,32,3,209.0,38,10,27,1,2,.974,,,1.59,1.09,P,wittbo01
1103,Mark Wohlers,27,ATL,NL,71,0,0,69.1,10,7,2,1,0,.900,,,1.17,0.13,P,wohlema01
1104,Steve Wojciechowski,26,OAK,AL,2,2,0,10.1,4,0,4,0,0,1.000,,,3.48,2.00,P,wojcist01
1105,Bob Wolcott,23,SEA,AL,19,18,0,100.0,18,4,13,1,2,.944,,,1.53,0.89,P,wolcobo01
1106,Tony Womack,27,PIT,NL,153,148,133,1296.2,785,335,430,20,83,.975,-26,-24,5.31,4.90,2B-SS,womacto01
1107,Steve Woodard,22,MIL,AL,7,7,0,36.2,2,0,2,0,0,1.000,,,0.49,0.29,P,woodast01
1108,Tim Worrell,29,SDP,NL,60,10,0,106.1,30,8,18,4,2,.867,,,2.20,0.43,P,worreti01
1109,Todd Worrell,37,LAD,NL,65,0,0,59.2,15,4,10,1,2,.933,,,2.11,0.22,P,worreto01
1110,Jamey Wright,22,COL,NL,26,26,1,149.2,41,19,19,3,1,.927,,,2.29,1.46,P,wrighja01
1111,Jaret Wright,21,CLE,AL,16,16,0,90.1,15,5,10,0,1,1.000,,,1.49,0.94,P,wrighja02
1112,Esteban Yan,22,BAL,AL,3,2,0,9.2,0,0,0,0,0,,,,0.00,0.00,P,yanes01
1113,Dmitri Young,23,STL,NL,90,85,60,730.2,700,640,47,13,50,.981,7,11,8.46,7.55,1B-OF,youngdm01
1114,Eric Young Sr.,30,TOT,NL,154,151,137,1327.1,830,318,494,18,111,.978,13,12,5.51,5.27,2B,younger01
1115,Ernie Young,27,OAK,AL,66,50,36,476.1,148,140,5,3,0,.980,-8,-20,2.74,2.20,OF,younger02
1116,Kevin Young,28,PIT,NL,91,79,66,716.2,715,643,67,5,49,.993,13,22,8.92,7.10,1B-OF-3B,youngke01
1117,Gregg Zaun,26,FLA,NL,51,38,38,361.0,362,329,25,8,3,.978,-3,-10,8.83,6.94,C-1B,zaungr01