Rk,Name,Date,To Team,From Team,Age,WAR3,Yrs,G,AB,R,H,HR,RBI,SB,BB,BA,OBP,SLG,OPS,W,L,ERA,WHIP,G,GS,SV,IP,H,HR,BB,SO,Name-additional
1,Brian Rogers,2008-06-10,Detroit Tigers,PIT,25,-0.3,2,13,0,0,0,0,0,0,0,,,,,0,0,9.28,1.594,13,0,0,10.2,14,4,3,8,rogerbr01
2,Scott Munter,2008-06-01,San Francisco Giants,SFG,28,0.1,3,79,1,1,1,0,1,0,0,1.000,1.000,2.000,3.000,3,2,4.75,1.639,84,0,0,72.0,84,2,34,22,muntesc01
3,Kevin Mench,2008-05-09,Toronto Blue Jays,MIL,30,2.4,6,651,2220,291,601,89,320,10,167,.271,.326,.465,.792,,,,,,,,,,,,,menchke01
4,Victor Diaz,2008-05-08,Seattle Mariners,TEX,26,0.7,4,147,446,62,114,24,73,6,32,.256,.309,.487,.796,,,,,,,,,,,,,diazvi01
5,Bronson Sardinha,2008-05-06,Cleveland Indians,NYY,25,0.0,1,10,9,6,3,0,2,0,2,.333,.417,.333,.750,,,,,,,,,,,,,sardibr01
6,Greg Norton,2008-05-05,Atlanta Braves,TBD,35,0.8,11,895,2147,283,540,82,296,15,270,.252,.336,.426,.762,,,,,,,,,,,,,nortogr01
7,Matt Miller,2008-05-03,Pittsburgh Pirates,CLE,36,1.5,5,11,0,0,0,0,0,0,0,,,,,6,1,2.72,1.189,100,0,2,106.0,82,4,44,95,millema02
8,Josh Labandeira,2008-04-22,,FLA,29,,3,,,,,,,,,,,,,,,,,,,,,,,,,labanjo01
9,Rich Thompson,2008-04-22,Philadelphia Phillies,ARI,29,,1,6,1,1,0,0,0,1,0,.000,.000,.000,.000,,,,,,,,,,,,,thompri02
10,Eude Brito,2008-04-21,New York Mets,PHI,29,0.1,2,,,,,,,,,,,,,,,,,,,,,,,,,britoeu01
11,Jeff Weaver,2008-04-16,Milwaukee Brewers,SEA,31,0.8,9,101,190,13,39,0,13,0,6,.205,.234,.247,.481,93,114,4.72,1.356,284,267,2,1714.2,1862,215,463,1124,weaveje01
12,Sal Fasano,2008-04-11,Atlanta Braves,TOR,36,0.4,10,412,1063,131,233,47,134,2,69,.219,.293,.394,.687,,,,,,,,,,,,,fasansa01
13,Casey Fossum,2008-04-08,Detroit Tigers,SDP,30,-0.8,7,41,46,3,4,0,0,0,1,.087,.106,.087,.193,37,52,5.46,1.515,203,120,2,740.2,825,110,297,576,fossuca01
14,Josh Paul,2008-04-07,Houston Astros,TBD,33,0.3,9,321,713,92,174,10,73,13,59,.244,.303,.341,.643,,,,,,,,,,,,,pauljo01
15,Craig Wilson,2008-04-07,Pittsburgh Pirates,CHW,31,-0.4,7,698,2010,303,527,99,292,14,198,.262,.353,.474,.827,,,,,,,,,,,,,wilsocr03
16,Jeff DaVanon,2008-04-04,Chicago White Sox,OAK,34,1.1,8,528,1288,205,333,33,150,59,185,.259,.349,.400,.749,,,,,,,,,,,,,davanje02
17,Jesse Garcia,2008-04-04,Chicago Cubs,HOU,34,-0.1,8,,,,,,,,,,,,,,,,,,,,,,,,,garcije01
18,Alex Cintron,2008-04-03,Baltimore Orioles,CHW,29,-2.8,7,598,1897,231,525,32,212,18,103,.277,.315,.401,.715,,,,,,,,,,,,,cintral01
19,Randy Keisler,2008-04-02,Chicago Cubs,STL,32,-0.5,6,31,25,4,5,1,2,0,0,.200,.200,.400,.600,4,4,6.63,1.712,55,20,0,150.2,174,32,84,100,keislra01
20,Andy Cavazos,2008-04-01,Chicago Cubs,STL,27,-0.9,1,15,0,0,0,0,0,0,0,,,,,0,0,10.35,2.150,17,0,0,20.0,27,5,16,15,cavazan01
21,Vladimir Núñez,2008-04-01,Atlanta Braves,CHW,33,,7,220,59,3,8,1,5,0,1,.136,.150,.186,.336,20,32,4.83,1.406,230,27,21,408.1,396,53,178,302,nunezvl01
22,Mike Burns,2008-03-31,Chicago Cubs,BOS,29,-0.3,2,36,0,0,0,0,0,0,0,,,,,0,0,5.88,1.558,45,0,0,52.0,69,8,12,36,burnsmi01
23,Wilkin Ruan,2008-03-31,Los Angeles Dodgers,LAD,29,,5,,,,,,,,,,,,,,,,,,,,,,,,,ruanwi01
24,Rudy Seanez,2008-03-31,Philadelphia Phillies,LAD,39,2.3,16,365,5,1,0,0,0,0,1,.000,.167,.000,.167,36,26,4.15,1.410,502,0,12,522.2,477,56,260,544,seaneru01
25,Jorge Velandia,2008-03-31,Toronto Blue Jays,TBD,33,1.0,7,164,229,20,43,2,23,2,25,.188,.275,.271,.546,,,,,,,,,,,,,velanjo01
26,Chris Michalak,2008-03-30,Texas Rangers,WSN,37,0.5,9,,,,,,,,,,,,,,,,,,,,,,,,,michach01
27,R.A. Dickey,2008-03-29,Seattle Mariners,MIL,33,-0.6,5,3,1,0,1,0,0,0,0,1.000,1.000,1.000,2.000,16,19,5.72,1.568,77,33,2,266.0,321,46,96,171,dicker.01
28,Ben Hendrickson,2008-03-29,,KCR,27,-0.7,3,,,,,,,,,,,,,,,,,,,,,,,,,hendrbe01
29,Matt Kata,2008-03-29,Pittsburgh Pirates,PIT,30,-1.4,4,238,645,87,156,12,58,8,48,.242,.296,.381,.677,,,,,,,,,,,,,katama01
30,Jason Davis,2008-03-28,Pittsburgh Pirates,SEA,28,0.2,6,10,9,1,1,1,1,0,0,.111,.111,.444,.556,20,22,4.78,1.513,130,52,1,427.0,485,48,161,256,davisja02
31,Ben Howard,2008-03-28,Milwaukee Brewers,CHC,29,,5,,,,,,,,,,,,,,,,,,,,,,,,,howarbe01
32,Chris Woodward,2008-03-28,Philadelphia Phillies,ATL,32,-1.5,9,607,1598,201,388,33,186,8,127,.243,.299,.375,.674,,,,,,,,,,,,,woodwch01
33,Eric Cyr,2008-03-27,Seattle Mariners,LAD,29,,5,,,,,,,,,,,,,,,,,,,,,,,,,cyrer01
34,Humberto Cota,2008-03-26,Colorado Rockies,PIT,29,-0.5,7,196,519,48,121,12,61,0,32,.233,.280,.358,.639,,,,,,,,,,,,,cotahu01
35,Tony Armas,2008-03-22,New York Mets,PIT,30,0.0,9,169,265,6,26,0,10,0,4,.098,.112,.113,.225,52,65,4.62,1.428,182,166,0,917.1,880,120,430,674,armasto02
36,Jose Castillo,2008-03-22,San Francisco Giants,PIT,27,-1.8,4,465,1492,165,382,33,181,11,84,.256,.297,.380,.677,,,,,,,,,,,,,castijo02
37,Brad Salmon,2008-03-19,Kansas City Royals,CIN,28,0.3,1,22,0,0,0,0,0,0,0,,,,,0,1,4.13,1.333,26,0,0,24.0,22,3,10,22,salmobr01
38,Steve Green,2008-03-18,Philadelphia Phillies,BAL,30,,6,,,,,,,,,,,,,,,,,,,,,,,,,greenst01
39,Armando Benitez,2008-03-13,Toronto Blue Jays,FLA,35,-0.2,14,512,8,0,0,0,2,0,0,.000,.000,.000,.000,40,46,3.11,1.219,754,0,289,772.2,541,92,401,937,benitar01
40,Kyle Lohse,2008-03-13,St. Louis Cardinals,PHI,29,4.6,7,56,92,3,16,0,6,0,2,.174,.198,.196,.394,63,74,4.82,1.432,218,195,0,1164.0,1302,157,365,734,lohseky01
41,Fernando Tatís,2008-03-13,New York Mets,NYM,33,0.1,8,691,2373,346,618,92,347,43,264,.260,.344,.440,.784,,,,,,,,,,,,,tatisfe01
42,Chad Moeller,2008-03-12,New York Yankees,LAD,33,-2.6,8,421,1198,125,268,26,113,2,93,.224,.284,.346,.630,,,,,,,,,,,,,moellch01
43,Tony Batista,2008-03-10,Washington Nationals,WSN,34,-0.8,11,1309,4568,625,1146,221,718,47,287,.251,.299,.453,.752,,,,,,,,,,,,,batisto01
44,Enrique Cruz,2008-03-10,New York Mets,CIN,26,-0.1,2,61,72,6,6,0,2,0,4,.083,.143,.097,.240,,,,,,,,,,,,,cruzen01
45,Blaine Neal,2008-03-07,Detroit Tigers,TOR,30,-0.4,6,,,,,,,,,,,,,,,,,,,,,,,,,nealbl01
46,Jerry Hairston,2008-03-05,Cincinnati Reds,TEX,32,0.3,10,818,2534,339,641,33,216,112,217,.253,.324,.358,.682,,,,,,,,,,,,,hairsje02
47,Ryan O'Malley,2008-03-05,Chicago Cubs,CHC,28,0.5,1,,,,,,,,,,,,,,,,,,,,,,,,,omallry01
48,Corey Patterson,2008-03-05,Cincinnati Reds,BAL,28,4.8,8,856,3100,433,801,94,329,168,153,.258,.298,.414,.712,,,,,,,,,,,,,patteco01
49,Dewayne Wise,2008-03-05,Chicago White Sox,CIN,30,-0.5,5,183,339,45,68,9,32,12,15,.201,.238,.360,.598,,,,,,,,,,,,,wisede01
50,Ramon Martinez,2008-02-29,Los Angeles Dodgers,LAD,35,-2.5,10,779,1894,222,501,29,235,9,167,.265,.324,.370,.694,,,,,,,,,,,,,martira03
51,Miguel Asencio,2008-02-27,Boston Red Sox,HOU,27,-0.3,5,,,,,,,,,,,,,,,,,,,,,,,,,asencmi01
52,Mike Kinkade,2008-02-25,Seattle Mariners,NYY,35,,9,,,,,,,,,,,,,,,,,,,,,,,,,kinkami01
53,Shannon Stewart,2008-02-25,Toronto Blue Jays,OAK,34,1.9,13,1334,5399,839,1611,114,566,193,482,.298,.362,.434,.795,,,,,,,,,,,,,stewash01
54,Bartolo Colon,2008-02-24,Boston Red Sox,LAA,35,3.0,11,37,83,1,10,0,5,0,0,.120,.129,.120,.250,146,95,4.10,1.333,309,306,0,1975.1,1955,238,679,1542,colonba01
55,Odalis Perez,2008-02-23,Washington Nationals,KCR,30,-0.5,9,179,287,21,37,1,10,0,6,.129,.150,.167,.317,66,70,4.47,1.327,222,191,0,1175.1,1227,140,333,801,perezod01
56,Brady Clark,2008-02-22,New York Mets,SDP,35,2.5,8,778,2007,264,557,36,209,47,207,.278,.358,.387,.744,,,,,,,,,,,,,clarkbr02
57,Josh Fogg,2008-02-21,Cincinnati Reds,COL,31,0.0,7,181,304,18,36,0,11,1,11,.118,.152,.128,.280,60,60,4.90,1.463,197,179,0,1035.0,1164,141,350,555,foggjo01
58,Jason Tyner,2008-02-21,Cleveland Indians,MIN,31,2.4,7,439,1356,168,373,1,94,61,68,.275,.314,.324,.637,,,,,,,,,,,,,tynerja01
59,Kris Benson,2008-02-20,Philadelphia Phillies,BAL,33,4.1,7,162,316,23,41,1,22,0,15,.130,.174,.161,.336,68,73,4.34,1.378,195,195,0,1207.1,1241,144,423,787,bensokr01
60,Russell Branyan,2008-02-20,Milwaukee Brewers,STL,32,2.1,10,716,1868,259,427,121,300,10,262,.229,.327,.478,.804,,,,,,,,,,,,,branyru01
61,Shawn Chacon,2008-02-20,Houston Astros,PIT,30,5.1,7,214,174,12,27,1,10,0,3,.155,.174,.195,.370,43,58,4.98,1.509,254,119,36,836.1,828,121,434,566,chacosh01
62,Byung-Hyun Kim,2008-02-20,Pittsburgh Pirates,FLA,29,0.4,9,322,153,4,19,0,10,0,6,.124,.156,.144,.300,54,60,4.42,1.376,394,87,86,841.0,781,94,376,806,kimby01
63,Trot Nixon,2008-02-20,Arizona Diamondbacks,CLE,34,3.3,11,1081,3592,577,989,136,554,29,498,.275,.364,.466,.830,,,,,,,,,,,,,nixontr01
64,Bubba Crosby,2008-02-19,Seattle Mariners,CIN,31,-1.0,4,,,,,,,,,,,,,,,,,,,,,,,,,crosbbu01
65,Ron Villone,2008-02-19,St. Louis Cardinals,NYY,38,1.0,13,262,169,7,22,1,7,0,1,.130,.140,.178,.318,55,57,4.76,1.484,580,93,6,1069.1,1016,126,571,842,villoro01
66,Juan Padilla,2008-02-18,New York Mets,NYM,31,1.4,3,,,,,,,,,,,,,,,,,,,,,,,,,padilju01
67,Jose Valentin,2008-02-18,New York Mets,NYM,38,3.3,16,1678,5539,872,1348,249,816,136,630,.243,.321,.448,.769,,,,,,,,,,,,,valenjo03
68,Mike Maroth,2008-02-17,Kansas City Royals,STL,30,-1.3,6,26,30,3,7,0,3,1,2,.233,.281,.267,.548,50,67,5.05,1.460,161,150,0,918.0,1078,133,262,443,marotmi01
69,Scott Podsednik,2008-02-17,Colorado Rockies,CHW,32,1.8,7,657,2469,384,672,27,186,224,232,.272,.338,.377,.715,,,,,,,,,,,,,podsesc01
70,Nook Logan,2008-02-16,Los Angeles Dodgers,WSN,28,2.4,4,321,870,111,233,2,56,56,59,.268,.314,.346,.660,,,,,,,,,,,,,loganno01
71,Matt LeCroy,2008-02-15,Oakland Athletics,MIN,32,0.1,8,476,1388,146,361,60,218,0,123,.260,.326,.440,.766,,,,,,,,,,,,,lecroma01
72,John Parrish,2008-02-15,Toronto Blue Jays,SEA,30,0.0,6,17,1,0,0,0,0,0,0,.000,.000,.000,.000,12,12,4.63,1.735,161,10,1,229.1,229,20,169,200,parrijo01
73,Chris Spurling,2008-02-15,Milwaukee Brewers,MIL,31,0.6,4,62,0,0,0,0,0,0,0,,,,,6,8,4.32,1.324,187,0,3,219.0,224,28,66,99,spurlch01
74,Ben Johnson,2008-02-14,New York Mets,NYM,27,0.2,3,98,222,31,51,7,26,3,27,.230,.313,.414,.728,,,,,,,,,,,,,johnsbe02
75,David Newhan,2008-02-14,Houston Astros,NYM,34,-1.0,7,349,882,137,222,21,108,28,74,.252,.313,.378,.691,,,,,,,,,,,,,newhada01
76,Ricardo Rincon,2008-02-14,New York Mets,SFG,38,0.0,10,142,4,0,0,0,0,0,0,.000,.000,.000,.000,21,24,3.58,1.319,557,0,21,439.2,380,40,200,397,rincori01
77,Chris Aguila,2008-02-12,New York Mets,PIT,29,-0.7,3,141,218,26,51,3,16,2,14,.234,.280,.353,.633,,,,,,,,,,,,,aguilch01
78,Liván Hernández,2008-02-12,Minnesota Twins,ARI,33,7.5,12,345,789,57,183,9,73,0,6,.232,.241,.314,.555,134,128,4.25,1.425,351,350,0,2371.0,2549,271,830,1546,hernali01
79,Olmedo Saenz,2008-02-12,New York Mets,LAD,37,0.5,9,733,1663,226,438,73,275,3,148,.263,.340,.465,.805,,,,,,,,,,,,,saenzol01
80,Mark Sweeney,2008-02-12,Los Angeles Dodgers,LAD,38,2.5,13,1120,1738,218,452,42,245,16,244,.260,.352,.399,.751,,,,,,,,,,,,,sweenma01
81,Tony Clark,2008-02-11,San Diego Padres,ARI,36,2.3,13,1415,4315,610,1142,244,789,6,485,.265,.339,.491,.830,,,,,,,,,,,,,clarkto02
82,Dave Gassner,2008-02-11,Cincinnati Reds,MIN,29,-0.2,2,,,,,,,,,,,,,,,,,,,,,,,,,gassnda01
83,Doug Mientkiewicz,2008-02-11,Pittsburgh Pirates,NYY,34,4.6,10,942,3009,385,814,64,372,14,393,.271,.358,.407,.766,,,,,,,,,,,,,mientdo01
84,Mike Sweeney,2008-02-11,Oakland Athletics,KCR,34,1.9,13,1282,4669,700,1398,197,837,50,484,.299,.369,.492,.861,,,,,,,,,,,,,sweenmi01
85,Steve Trachsel,2008-02-11,Baltimore Orioles,CHC,37,2.5,15,348,651,49,106,3,40,1,26,.163,.197,.206,.403,141,154,4.32,1.402,410,409,0,2461.1,2534,338,916,1575,trachst01
86,Jose Santiago,2008-02-09,New York Mets,NYM,33,0.1,10,,,,,,,,,,,,,,,,,,,,,,,,,santijo03
87,Alberto Castillo,2008-02-08,Houston Astros,BAL,38,0.3,12,418,1026,98,226,12,101,3,103,.220,.293,.297,.590,,,,,,,,,,,,,castial01
88,Scott Elarton,2008-02-08,Cleveland Indians,CLE,32,-0.8,9,144,166,13,23,0,3,0,5,.139,.188,.157,.344,56,60,5.31,1.429,224,170,3,1050.0,1091,192,409,683,elartsc01
89,Keith Foulke,2008-02-08,Oakland Athletics,CLE,35,0.6,10,47,16,0,2,0,0,0,0,.125,.125,.125,.250,41,34,3.30,1.065,588,8,190,755.2,624,87,181,695,foulkke01
90,Jeff Fulchino,2008-02-08,Kansas City Royals,FLA,28,0.0,1,0,0,0,0,0,0,0,0,,,,,0,0,0.00,3.000,1,0,0,0.1,0,0,1,0,fulchje01
91,Bobby Kielty,2008-02-08,Boston Red Sox,BOS,31,2.3,7,599,1792,257,456,53,253,21,246,.254,.348,.408,.757,,,,,,,,,,,,,kieltbo01
92,Julio Mateo,2008-02-08,San Francisco Giants,PHI,30,2.3,6,15,0,0,0,0,0,0,0,,,,,18,12,3.68,1.203,219,1,2,318.1,298,45,85,216,mateoju01
93,Victor Zambrano,2008-02-08,Colorado Rockies,BAL,32,0.2,7,49,73,3,9,0,3,0,0,.123,.135,.164,.300,45,44,4.64,1.519,187,100,3,706.1,669,78,404,529,zambrvi01
94,Brendan Donnelly,2008-02-06,Cleveland Indians,BOS,36,1.6,6,23,1,0,0,0,0,0,0,.000,.000,.000,.000,25,9,2.88,1.166,303,0,4,315.2,258,26,110,310,donnebr01
95,Eric Hinske,2008-02-06,,BOS,30,1.8,6,770,2525,386,645,85,339,50,299,.255,.336,.434,.770,,,,,,,,,,,,,hinsker01
96,Trever Miller,2008-02-06,,HOU,35,1.9,9,245,6,1,1,0,0,0,0,.167,.167,.333,.500,12,14,4.46,1.515,451,5,8,379.0,396,43,178,310,milletr02
97,Junior Spivey,2008-02-05,Boston Red Sox,BOS,33,1.8,6,,,,,,,,,,,,,,,,,,,,,,,,,spiveju01
98,Steve Torrealba,2008-02-04,Boston Red Sox,DET,30,,6,,,,,,,,,,,,,,,,,,,,,,,,,torrest01
99,Mike Myers,2008-02-03,Los Angeles Dodgers,CHW,39,1.8,13,428,2,0,0,0,0,0,0,.000,.000,.000,.000,25,24,4.29,1.442,883,0,14,541.2,525,58,256,429,myersmi01
100,Steve Andrade,2008-02-01,,TBD,30,-0.1,1,,,,,,,,,,,,,,,,,,,,,,,,,andrast01
101,Paul Bako,2008-02-01,Cincinnati Reds,BAL,36,-0.7,10,646,1787,153,417,15,151,4,186,.233,.306,.315,.621,,,,,,,,,,,,,bakopa01
102,Sean Casey,2008-02-01,Boston Red Sox,DET,33,0.9,11,1336,4867,676,1467,130,718,17,460,.301,.366,.450,.816,,,,,,,,,,,,,caseyse01
103,Andy Gonzalez,2008-02-01,Cleveland Indians,CHW,26,-1.4,1,67,189,17,35,2,11,1,25,.185,.280,.249,.529,,,,,,,,,,,,,gonzaan01
104,Scott Sauerbeck,2008-02-01,Cincinnati Reds,TOR,36,0.0,8,,,,,,,,,,,,,,,,,,,,,,,,,sauersc01
105,Ezequiel Astacio,2008-01-31,Cincinnati Reds,TEX,28,-1.3,2,,,,,,,,,,,,,,,,,,,,,,,,,astacez01
106,Morgan Ensberg,2008-01-31,New York Yankees,SDP,32,9.6,7,703,2130,334,564,109,343,22,326,.265,.366,.476,.841,,,,,,,,,,,,,ensbemo01
107,Mike Gallo,2008-01-31,Toronto Blue Jays,COL,31,0.3,4,,,,,,,,,,,,,,,,,,,,,,,,,gallomi01
108,Luis Gonzalez,2008-01-31,Florida Marlins,LAD,40,3.7,18,2455,8816,1382,2502,346,1392,127,1114,.284,.368,.481,.849,,,,,,,,,,,,,gonzalu01
109,Chris Heintz,2008-01-31,Baltimore Orioles,MIN,33,-0.8,3,34,82,1,19,0,9,0,4,.232,.267,.268,.536,,,,,,,,,,,,,heintch01
110,Jorge Julio,2008-01-31,Cleveland Indians,COL,29,-0.6,7,139,1,0,0,0,0,0,2,.000,.667,.000,.667,13,33,4.35,1.415,411,0,99,419.2,395,60,199,401,juliojo01
111,Dallas McPherson,2008-01-31,Florida Marlins,LAA,27,1.0,3,117,360,50,89,18,45,5,23,.247,.294,.461,.755,,,,,,,,,,,,,mcpheda01
112,Brian Moehler,2008-01-31,Houston Astros,HOU,36,0.2,11,125,106,3,6,0,5,0,4,.057,.107,.066,.173,64,83,4.75,1.456,252,189,1,1206.0,1415,153,341,658,moehlbr01
113,Brad Wilkerson,2008-01-31,Seattle Mariners,TEX,31,2.6,7,868,2923,479,730,118,371,50,457,.250,.354,.451,.804,,,,,,,,,,,,,wilkebr01
114,Trey Hodges,2008-01-30,Texas Rangers,ATL,30,,5,,,,,,,,,,,,,,,,,,,,,,,,,hodgetr01
115,Johnny Estrada,2008-01-29,Washington Nationals,NYM,32,-0.3,7,589,2026,198,567,42,281,0,102,.280,.320,.406,.726,,,,,,,,,,,,,estrajo01
116,Kevin Gryboski,2008-01-29,San Francisco Giants,PIT,34,-1.6,5,,,,,,,,,,,,,,,,,,,,,,,,,gryboke01
117,Pedro Feliz,2008-01-28,Philadelphia Phillies,SFG,33,4.9,8,874,2840,346,716,109,418,12,149,.252,.288,.433,.721,,,,,,,,,,,,,felizpe01
118,Abraham Nunez,2008-01-27,Milwaukee Brewers,PHI,32,-0.2,11,1028,2484,286,601,18,209,38,250,.242,.313,.314,.628,,,,,,,,,,,,,nunezab01
119,Rod Barajas,2008-01-26,Toronto Blue Jays,PHI,32,2.5,9,584,1743,212,417,62,235,1,106,.239,.288,.408,.696,,,,,,,,,,,,,barajro01
120,Nick Gorneault,2008-01-26,Houston Astros,TEX,29,0.0,1,2,4,1,0,0,0,0,1,.000,.200,.000,.200,,,,,,,,,,,,,gorneni01
121,Luis Ordaz,2008-01-25,Pittsburgh Pirates,PIT,32,-0.1,10,,,,,,,,,,,,,,,,,,,,,,,,,ordazlu01
122,Hector Carrasco,2008-01-24,Pittsburgh Pirates,WSN,38,3.6,12,283,26,1,1,0,0,0,0,.038,.038,.038,.077,44,50,4.00,1.416,647,10,19,832.1,792,69,387,662,carrahe01
123,Fernando Cortez,2008-01-24,Chicago White Sox,KCR,26,-0.3,2,16,27,3,5,0,2,0,2,.185,.241,.222,.464,,,,,,,,,,,,,cortefe01
124,Lance Niekro,2008-01-24,Houston Astros,SFG,29,0.3,4,195,499,61,123,17,79,0,29,.246,.288,.421,.709,,,,,,,,,,,,,niekrla01
125,Chris Booker,2008-01-23,Washington Nationals,WSN,31,-0.6,3,16,0,0,0,0,0,0,0,,,,,0,1,14.29,2.294,17,0,0,11.1,17,7,9,10,bookech01
126,Melvin Dorta,2008-01-22,Pittsburgh Pirates,WSN,26,-0.1,1,,,,,,,,,,,,,,,,,,,,,,,,,dortame01
127,Octavio Dotel,2008-01-22,Chicago White Sox,ATL,34,0.0,9,319,74,3,5,0,1,0,5,.068,.138,.068,.205,39,32,3.76,1.237,428,34,82,641.0,511,80,282,773,doteloc01
128,Jose Garcia,2008-01-22,Oakland Athletics,OAK,23,0.1,1,,,,,,,,,,,,,,,,,,,,,,,,,garcijo01
129,Danny Kolb,2008-01-22,Boston Red Sox,PIT,33,-1.4,9,216,1,0,0,0,0,0,0,.000,.000,.000,.000,11,23,4.36,1.517,290,0,73,286.2,301,20,134,177,kolbda01
130,Brian Lawrence,2008-01-22,Kansas City Royals,NYM,32,0.0,6,160,289,16,38,1,20,0,13,.131,.168,.166,.334,50,63,4.19,1.341,168,152,0,963.0,1023,101,268,597,lawrebr02
131,George Lombard,2008-01-22,Los Angeles Dodgers,WSN,32,0.2,9,,,,,,,,,,,,,,,,,,,,,,,,,lombage01
132,Julio Manon,2008-01-22,Baltimore Orioles,OAK,35,0.0,4,,,,,,,,,,,,,,,,,,,,,,,,,manonju01
133,Henry Mateo,2008-01-22,Detroit Tigers,DET,31,0.1,6,,,,,,,,,,,,,,,,,,,,,,,,,mateohe01
134,Mike O'Connor,2008-01-22,Washington Nationals,WSN,27,0.5,1,20,31,2,2,0,1,0,1,.065,.094,.065,.158,3,8,4.80,1.343,21,20,0,105.0,96,15,45,59,oconnmi01
135,Jaret Wright,2008-01-22,Pittsburgh Pirates,BAL,32,1.3,11,90,78,6,11,1,6,0,3,.141,.171,.205,.376,68,60,5.09,1.556,226,171,2,972.2,1046,99,467,694,wrighja02
136,Lance Cormier,2008-01-21,Baltimore Orioles,ATL,27,-1.8,4,120,42,1,5,0,2,0,2,.119,.159,.143,.302,14,18,5.98,1.734,123,23,0,244.0,294,44,129,157,cormila01
137,Joe Hietpas,2008-01-21,New York Mets,NYM,29,,3,,,,,,,,,,,,,,,,,,,,,,,,,hietpjo01
138,Brett Tomko,2008-01-21,Kansas City Royals,SDP,35,1.1,11,297,451,23,71,0,29,0,19,.157,.191,.177,.368,93,92,4.62,1.371,346,250,2,1671.0,1750,228,541,1113,tomkobr01
139,Chan Ho Park,2008-01-20,Los Angeles Dodgers,HOU,35,-0.3,14,254,406,26,74,2,30,0,17,.182,.214,.239,.453,113,88,4.40,1.398,324,275,0,1750.2,1626,204,822,1511,parkch01
140,Jeremy Affeldt,2008-01-19,Cincinnati Reds,COL,29,-0.6,6,110,9,0,2,0,2,0,1,.222,.300,.222,.522,25,27,4.74,1.504,286,42,18,486.0,507,45,224,347,affelje01
141,Paul Phillips,2008-01-18,Chicago White Sox,KCR,31,0.3,4,58,151,18,39,2,16,0,2,.258,.271,.364,.635,,,,,,,,,,,,,phillpa01
142,Arthur Rhodes,2008-01-18,Seattle Mariners,SEA,38,1.1,16,78,4,0,1,0,0,0,0,.250,.250,.250,.500,75,60,4.31,1.332,653,61,30,1011.0,896,111,451,993,rhodear01
143,Jason Jennings,2008-01-17,Texas Rangers,HOU,29,5.0,7,173,328,18,68,2,26,0,19,.207,.252,.268,.520,60,65,4.91,1.548,175,174,0,1040.0,1151,122,459,693,jennija01
144,Danny Sandoval,2008-01-17,Cleveland Indians,PHI,29,-0.3,2,,,,,,,,,,,,,,,,,,,,,,,,,sandoda01
145,Alex Escobar,2008-01-16,Washington Nationals,WSN,29,0.4,6,,,,,,,,,,,,,,,,,,,,,,,,,escobal01
146,Mark Hendrickson,2008-01-16,Florida Marlins,LAD,34,1.6,6,59,62,4,4,1,2,0,5,.065,.134,.129,.263,43,55,5.01,1.449,179,135,0,844.0,985,102,238,464,hendrma01
147,Ryan Jorgensen,2008-01-16,Minnesota Twins,CIN,29,0.0,2,8,19,3,3,2,6,0,0,.158,.158,.474,.632,,,,,,,,,,,,,jorgery01
148,Jon Lieber,2008-01-16,Chicago Cubs,PHI,38,2.3,13,339,607,36,85,0,25,0,30,.140,.180,.168,.348,129,121,4.28,1.276,375,326,2,2151.1,2329,275,416,1526,liebejo01
149,Josh Phelps,2008-01-16,St. Louis Cardinals,PIT,30,1.0,7,446,1360,194,371,64,243,2,114,.273,.344,.476,.820,,,,,,,,,,,,,phelpjo01
150,Luis Figueroa,2008-01-15,Chicago Cubs,SFG,34,-0.2,3,18,16,2,2,0,0,0,0,.125,.125,.188,.313,,,,,,,,,,,,,figuelu01
151,Tim Hamulack,2008-01-15,Kansas City Royals,LAD,31,-1.1,2,,,,,,,,,,,,,,,,,,,,,,,,,hamulti01
152,Jason Lane,2008-01-15,New York Yankees,SDP,31,0.3,6,497,1208,165,291,61,189,10,123,.241,.314,.457,.771,,,,,,,,,,,,,laneja01
153,Wil Nieves,2008-01-15,Washington Nationals,NYY,30,-0.6,4,63,143,8,23,0,11,1,6,.161,.195,.224,.418,,,,,,,,,,,,,nievewi01
154,Kirk Saarloos,2008-01-15,Oakland Athletics,CIN,29,2.2,6,83,41,1,3,0,5,0,1,.073,.095,.122,.217,28,30,5.00,1.527,157,72,2,482.2,555,58,182,239,saarlki01
155,Kevin Barker,2008-01-14,Cincinnati Reds,TOR,32,0.0,4,97,253,30,62,6,33,3,31,.245,.328,.352,.679,,,,,,,,,,,,,barkeke01
156,Jesse Foppert,2008-01-14,San Francisco Giants,SFG,27,-0.1,4,,,,,,,,,,,,,,,,,,,,,,,,,foppeje01
157,Philip Barzilla,2008-01-11,Seattle Mariners,HOU,29,0.0,1,,,,,,,,,,,,,,,,,,,,,,,,,barziph01
158,Emil Brown,2008-01-11,Oakland Athletics,KCR,33,2.3,8,619,1842,248,482,46,267,48,169,.262,.329,.401,.729,,,,,,,,,,,,,brownem01
159,Mike Cameron,2008-01-11,Milwaukee Brewers,SDP,35,9.4,13,1560,5452,866,1366,216,786,272,696,.251,.341,.445,.786,,,,,,,,,,,,,camermi01
160,D.J. Carrasco,2008-01-11,Chicago White Sox,ARI,31,1.6,3,6,9,0,0,0,0,0,0,.000,.000,.000,.000,14,15,4.81,1.554,101,22,2,230.1,252,24,106,128,carradj01
161,Eddie Guardado,2008-01-11,Texas Rangers,CIN,37,1.0,15,70,1,0,0,0,0,0,0,.000,.000,.000,.000,41,55,4.31,1.316,796,25,183,850.0,805,126,314,745,guarded01
162,Doug Mirabelli,2008-01-11,Boston Red Sox,BOS,37,-0.4,12,566,1456,162,337,58,206,3,165,.231,.317,.407,.724,,,,,,,,,,,,,mirabdo01
163,Erasmo Ramirez,2008-01-11,Milwaukee Brewers,FLA,32,0.6,4,6,0,0,0,0,0,0,0,,,,,8,4,3.95,1.167,91,0,0,114.0,111,12,22,56,ramirer01
164,Chin-hui Tsao,2008-01-11,Kansas City Royals,LAD,27,0.0,4,49,13,2,2,0,0,0,0,.154,.154,.231,.385,4,4,5.40,1.392,50,8,4,88.1,89,19,34,60,tsaoch01
165,Randy Williams,2008-01-11,Florida Marlins,TEX,32,-0.5,2,32,1,0,0,0,0,0,0,.000,.000,.000,.000,3,1,6.68,1.774,38,0,0,31.0,36,5,19,25,willira01
166,Dave Matranga,2008-01-10,Kansas City Royals,TEX,31,-0.1,4,,,,,,,,,,,,,,,,,,,,,,,,,matrada01
167,Adam Melhuse,2008-01-10,Texas Rangers,OAK,36,0.2,7,296,705,73,167,24,96,1,55,.237,.293,.397,.690,,,,,,,,,,,,,melhuad01
168,Pete Orr,2008-01-10,Washington Nationals,ATL,29,0.3,3,271,369,65,97,2,18,10,14,.263,.292,.339,.630,,,,,,,,,,,,,orrpe01
169,Chris Reitsma,2008-01-10,Seattle Mariners,SEA,30,-1.6,7,303,87,3,9,0,5,0,3,.103,.143,.115,.258,32,46,4.70,1.412,338,53,37,609.0,696,76,164,359,reitsch01
170,Tony Blanco,2008-01-08,Colorado Rockies,WSN,26,-0.9,2,,,,,,,,,,,,,,,,,,,,,,,,,blancto01
171,Miguel Cairo,2008-01-08,Seattle Mariners,STL,34,0.5,12,1092,3095,392,826,27,295,123,186,.267,.315,.359,.674,,,,,,,,,,,,,cairomi01
172,Shawn Camp,2008-01-08,Toronto Blue Jays,TBD,32,-1.4,4,9,0,0,0,0,0,0,0,,,,,10,13,5.27,1.582,196,0,6,230.2,299,30,66,168,campsh01
173,Marcus Giles,2008-01-08,Colorado Rockies,SDP,30,4.6,7,792,2934,468,813,76,333,70,318,.277,.353,.429,.782,,,,,,,,,,,,,gilesma01
174,Matt Ginter,2008-01-08,Cleveland Indians,MIL,30,-0.4,6,15,14,1,3,0,1,0,2,.214,.313,.286,.598,4,4,5.46,1.498,92,15,1,211.0,244,28,72,120,gintema01
175,Ken Huckaby,2008-01-08,Kansas City Royals,LAD,37,-0.4,6,,,,,,,,,,,,,,,,,,,,,,,,,huckake01
176,Ray King,2008-01-08,Washington Nationals,MIL,34,0.9,9,559,6,0,0,0,0,0,0,.000,.000,.000,.000,20,23,3.43,1.344,581,0,2,404.2,367,33,177,277,kingra01
177,Matt Riley,2008-01-08,Los Angeles Dodgers,LAD,28,-0.6,8,,,,,,,,,,,,,,,,,,,,,,,,,rileyma01
178,Zach Day,2008-01-07,Minnesota Twins,KCR,30,-1.5,5,,,,,,,,,,,,,,,,,,,,,,,,,dayza01
179,Ron Flores,2008-01-07,St. Louis Cardinals,OAK,28,1.0,3,10,1,0,0,0,0,0,0,.000,.000,.000,.000,1,4,3.05,1.321,53,0,1,56.0,52,6,22,41,florero01
180,J.R. House,2008-01-07,Houston Astros,BAL,28,-0.2,4,29,57,6,10,3,3,0,1,.175,.217,.386,.603,,,,,,,,,,,,,housejr01
181,Mike Difelice,2008-01-06,,NYM,39,-0.6,12,543,1538,144,362,28,163,3,100,.235,.287,.355,.642,,,,,,,,,,,,,difelmi01
182,Brent Butler,2008-01-04,,TBD,30,,6,,,,,,,,,,,,,,,,,,,,,,,,,butlebr02
183,Darren Clarke,2008-01-04,Colorado Rockies,COL,27,0.1,1,2,0,0,0,0,0,0,0,,,,,0,0,0.00,2.250,2,0,0,1.1,2,0,1,1,clarkda06
184,Alexis Gomez,2008-01-04,Florida Marlins,COL,29,-0.1,5,,,,,,,,,,,,,,,,,,,,,,,,,gomezal01
185,Aaron Miles,2008-01-04,St. Louis Cardinals,STL,31,-1.2,5,509,1698,218,480,12,139,20,100,.283,.323,.357,.680,0,0,9.00,1.500,2,0,0,2.0,3,1,0,0,milesaa01
186,Andy Phillips,2008-01-04,Cincinnati Reds,NYY,31,0.2,4,203,479,65,121,11,60,3,28,.253,.294,.384,.678,,,,,,,,,,,,,phillan01
187,Heath Phillips,2008-01-04,New York Yankees,CHW,26,0.2,1,1,0,0,0,0,0,0,0,,,,,1,1,3.68,1.909,6,0,0,7.1,10,1,4,2,phillhe01
188,Jorge Piedra,2008-01-04,Florida Marlins,OAK,29,-0.5,3,,,,,,,,,,,,,,,,,,,,,,,,,piedrjo01
189,Josh Towers,2008-01-04,Colorado Rockies,TOR,31,-0.3,7,10,16,1,1,0,0,0,0,.063,.063,.063,.125,45,55,4.96,1.382,137,112,1,726.0,881,122,122,387,towerjo01
190,Billy Traber,2008-01-04,New York Yankees,WSN,28,-0.4,3,40,21,1,1,0,1,0,1,.048,.091,.048,.139,12,14,5.41,1.551,76,28,0,194.2,235,24,67,140,trabebi01
191,Matt Clement,2008-01-03,St. Louis Cardinals,BOS,33,2.9,9,,,,,,,,,,,,,,,,,,,,,,,,,clemema01
192,Brian Esposito,2008-01-03,Colorado Rockies,STL,29,0.0,1,1,0,0,0,0,0,0,0,,,,,,,,,,,,,,,,,esposbr01
193,John Rodriguez,2008-01-03,,STL,30,0.6,2,,,,,,,,,,,,,,,,,,,,,,,,,rodrijo03
194,Victor Santos,2008-01-02,San Francisco Giants,BAL,31,-0.7,7,138,124,5,12,0,2,0,2,.097,.111,.113,.224,23,48,5.21,1.584,186,87,0,602.1,675,86,279,425,santovi01
195,Cliff Politte,2007-12-29,St. Louis Cardinals,CLE,34,1.7,9,,,,,,,,,,,,,,,,,,,,,,,,,politcl01
196,Jon Switzer,2007-12-28,Boston Red Sox,TBD,28,-0.2,4,3,0,0,0,0,0,0,0,,,,,2,4,6.11,1.794,68,0,0,66.1,83,9,36,43,switzjo01
197,Darin Erstad,2007-12-27,Houston Astros,CHW,34,2.7,12,1407,5568,851,1582,118,657,177,447,.284,.339,.411,.750,,,,,,,,,,,,,erstada01
198,Miguel Olivo,2007-12-27,Kansas City Royals,FLA,29,0.6,6,556,1786,210,427,61,224,25,72,.239,.275,.405,.680,,,,,,,,,,,,,olivomi01
199,Luis Terrero,2007-12-27,Baltimore Orioles,CHW,28,-0.5,5,243,551,66,129,14,52,17,47,.234,.319,.356,.675,,,,,,,,,,,,,terrelu01
200,Jorge Campillo,2007-12-26,Atlanta Braves,SEA,29,-0.3,3,0,0,0,0,0,0,0,0,,,,,0,0,7.13,1.698,8,1,0,17.2,23,2,7,11,campijo01
201,Kane Davis,2007-12-26,Toronto Blue Jays,PHI,33,0.4,5,103,6,0,0,0,0,0,0,.000,.000,.000,.000,4,10,5.53,1.668,107,2,0,125.1,135,21,74,96,daviska01
202,Matt DeSalvo,2007-12-26,Atlanta Braves,NYY,27,-0.1,1,0,0,0,0,0,0,0,0,,,,,1,3,6.18,1.880,7,6,0,27.2,34,2,18,10,desalma01
203,Jason Ellison,2007-12-26,Texas Rangers,CIN,30,-0.7,5,335,541,84,136,8,33,22,35,.251,.302,.351,.653,,,,,,,,,,,,,ellisja01
204,Mark Prior,2007-12-26,San Diego Padres,CHC,27,3.0,5,,,,,,,,,,,,,,,,,,,,,,,,,priorma01
205,Jamie Vermilyea,2007-12-26,Toronto Blue Jays,TOR,26,0.2,1,0,0,0,0,0,0,0,0,,,,,0,0,0.00,0.833,2,0,0,6.0,5,0,0,2,vermija01
206,Brad Eldred,2007-12-23,Chicago White Sox,PIT,27,-1.3,2,74,236,26,47,14,30,1,14,.199,.251,.419,.670,,,,,,,,,,,,,eldrebr01
207,Elizardo Ramirez,2007-12-23,Texas Rangers,CIN,25,-0.7,4,36,39,4,6,0,3,1,2,.154,.195,.179,.375,4,14,5.99,1.554,38,26,0,157.2,193,27,52,95,ramirel01
208,So Taguchi,2007-12-23,Philadelphia Phillies,STL,38,1.7,6,578,1267,178,359,19,154,36,93,.283,.336,.391,.727,,,,,,,,,,,,,tagucso01
209,Elmer Dessens,2007-12-21,Pittsburgh Pirates,COL,37,-0.4,11,310,240,14,39,0,16,0,22,.163,.233,.188,.420,48,61,4.50,1.415,356,140,5,1090.2,1225,135,318,661,desseel01
210,Robert Fick,2007-12-21,San Diego Padres,WSN,34,-1.9,10,846,2373,287,613,69,324,6,235,.258,.328,.405,.732,,,,,,,,,,,,,fickro01
211,LaTroy Hawkins,2007-12-21,New York Yankees,COL,35,2.3,13,223,6,0,0,0,0,0,0,.000,.000,.000,.000,56,76,4.68,1.465,631,98,75,1072.0,1211,132,359,700,hawkila01
212,Jose Macias,2007-12-21,Pittsburgh Pirates,MIL,36,-0.4,8,,,,,,,,,,,,,,,,,,,,,,,,,maciajo01
213,Brian Sanches,2007-12-21,Washington Nationals,PHI,29,-0.2,2,29,0,0,0,0,0,0,0,,,,,1,1,5.75,1.694,30,0,0,36.0,36,11,25,31,sanchbr01
214,Sean Barker,2007-12-20,Colorado Rockies,COL,28,0.0,1,3,2,0,0,0,0,0,0,.000,.333,.000,.333,,,,,,,,,,,,,barkese01
215,Chad Durbin,2007-12-20,Philadelphia Phillies,DET,30,0.8,8,10,6,0,0,0,1,0,0,.000,.000,.000,.000,25,37,5.75,1.566,114,75,1,465.0,535,78,193,265,durbich01
216,Nick Green,2007-12-20,New York Yankees,SEA,29,0.6,4,275,703,105,169,10,59,5,56,.240,.309,.347,.656,,,,,,,,,,,,,greenni01
217,Geoff Jenkins,2007-12-20,Philadelphia Phillies,MIL,33,7.1,10,1234,4407,661,1221,212,704,31,394,.277,.347,.496,.843,,,,,,,,,,,,,jenkige01
218,Ron Mahay,2007-12-20,Kansas City Royals,ATL,37,2.0,12,96,28,3,6,1,3,0,1,.214,.267,.429,.695,19,10,3.87,1.408,359,3,4,419.0,383,54,207,354,mahayro01
219,Anastacio Martinez,2007-12-20,Detroit Tigers,DET,29,,3,,,,,,,,,,,,,,,,,,,,,,,,,martian01
220,Carlos Silva,2007-12-20,Seattle Mariners,MIN,29,5.0,6,133,23,0,3,0,1,0,1,.130,.167,.174,.341,55,46,4.31,1.368,259,125,2,945.0,1122,117,171,395,silvaca01
221,Scott Strickland,2007-12-20,New York Yankees,SDP,32,-0.1,6,228,6,0,0,0,0,0,0,.000,.000,.000,.000,12,21,3.34,1.300,236,0,20,240.0,201,25,111,243,stricsc02
222,Danny Ardoin,2007-12-19,Los Angeles Dodgers,STL,33,0.4,4,141,372,47,75,7,31,1,40,.202,.298,.306,.605,,,,,,,,,,,,,ardoida01
223,Michael Barrett,2007-12-19,San Diego Padres,SDP,31,3.5,10,1017,3400,386,903,95,413,11,269,.266,.322,.426,.747,,,,,,,,,,,,,barremi01
224,Paul Hoover,2007-12-19,Florida Marlins,FLA,32,0.1,4,15,34,3,9,0,3,0,0,.265,.265,.265,.529,,,,,,,,,,,,,hoovepa01
225,D'Angelo Jimenez,2007-12-19,St. Louis Cardinals,WSN,30,-0.5,8,641,2159,290,568,36,228,36,291,.263,.351,.377,.728,,,,,,,,,,,,,jimend'01
226,Jason LaRue,2007-12-19,St. Louis Cardinals,KCR,34,2.4,9,781,2395,277,557,88,316,13,214,.233,.319,.405,.723,,,,,,,,,,,,,larueja01
227,Roberto Novoa,2007-12-19,Baltimore Orioles,BAL,28,0.2,3,,,,,,,,,,,,,,,,,,,,,,,,,novoaro01
228,Mark Redman,2007-12-19,Colorado Rockies,COL,34,-0.5,9,75,142,3,8,0,3,0,6,.056,.095,.056,.151,66,80,4.75,1.420,209,194,0,1193.1,1303,134,391,727,redmama01
229,T.J. Beam,2007-12-18,Pittsburgh Pirates,NYY,27,-0.4,1,2,1,0,0,0,0,0,0,.000,.000,.000,.000,2,0,8.50,1.778,20,0,0,18.0,26,5,6,12,beamtj01
230,Jolbert Cabrera,2007-12-18,Cincinnati Reds,COL,35,,7,561,1291,172,333,15,145,36,65,.258,.305,.362,.667,,,,,,,,,,,,,cabrejo02
231,Jorge Cantu,2007-12-18,Florida Marlins,CIN,26,-0.7,4,359,1299,150,355,45,209,2,66,.273,.312,.450,.762,,,,,,,,,,,,,cantujo01
232,Cory Doyne,2007-12-18,Baltimore Orioles,BAL,26,-0.2,1,0,0,0,0,0,0,0,0,,,,,0,0,14.73,2.727,5,0,0,3.2,7,1,3,2,doyneco01
233,Chris Fussell,2007-12-18,Los Angeles Dodgers,LAD,32,,9,,,,,,,,,,,,,,,,,,,,,,,,,fussech01
234,Tadahito Iguchi,2007-12-18,San Diego Padres,PHI,33,6.3,3,408,1531,238,422,42,181,40,163,.276,.347,.421,.768,,,,,,,,,,,,,iguchta01
235,Mike Koplove,2007-12-18,Los Angeles Dodgers,CLE,31,-0.3,7,209,5,0,0,0,0,0,0,.000,.000,.000,.000,15,7,3.82,1.312,222,0,2,254.2,231,19,103,175,koplomi01
236,Chad Paronto,2007-12-18,Houston Astros,ATL,32,1.1,5,107,1,0,0,0,0,0,0,.000,.000,.000,.000,6,11,4.00,1.425,165,0,1,166.1,174,15,63,100,paronch01
237,Tim Raines Jr.,2007-12-18,Arizona Diamondbacks,HOU,28,,6,,,,,,,,,,,,,,,,,,,,,,,,,raineti02
238,Michael Tejera,2007-12-18,Boston Red Sox,PIT,31,-0.1,8,,,,,,,,,,,,,,,,,,,,,,,,,tejermi01
239,Matt Wise,2007-12-18,New York Mets,MIL,32,1.4,7,167,7,0,2,0,1,0,0,.286,.286,.286,.571,17,21,4.18,1.261,201,18,2,310.0,288,38,103,238,wisema01
240,Gary Bennett,2007-12-17,Los Angeles Dodgers,STL,36,-2.0,12,577,1669,140,404,21,188,6,137,.242,.303,.327,.630,,,,,,,,,,,,,bennega01
241,Micah Bowie,2007-12-17,Colorado Rockies,WSN,33,1.1,5,57,26,0,4,0,4,0,1,.154,.185,.154,.339,8,12,6.01,1.685,78,19,0,148.1,172,19,78,106,bowiemi01
242,Jack Cassel,2007-12-17,Houston Astros,SDP,27,0.2,1,6,8,2,1,0,0,0,0,.125,.125,.125,.250,1,1,3.97,1.544,6,4,0,22.2,30,1,5,11,casseja01
243,Cliff Floyd,2007-12-17,Tampa Bay Devil Rays,CHC,35,4.4,15,1531,5057,792,1411,222,826,147,572,.279,.359,.484,.844,,,,,,,,,,,,,floydcl01
244,Miguel Perez,2007-12-17,Pittsburgh Pirates,CIN,24,-0.1,2,,,,,,,,,,,,,,,,,,,,,,,,,perezmi02
245,Adam Pettyjohn,2007-12-17,Cincinnati Reds,MIL,31,,1,1,2,0,0,0,0,0,0,.000,.000,.000,.000,1,6,5.82,1.569,16,9,0,65.0,81,10,21,40,pettyad01
246,John Gall,2007-12-15,Florida Marlins,FLA,30,-0.1,3,33,53,6,13,2,11,0,1,.245,.268,.415,.683,,,,,,,,,,,,,galljo01
247,Franklyn German,2007-12-15,Texas Rangers,TEX,28,0.8,5,23,1,0,0,0,0,0,0,.000,.000,.000,.000,8,4,4.60,1.774,138,0,7,137.0,137,17,106,99,germafr01
248,Rob Bell,2007-12-14,Washington Nationals,BAL,31,-1.1,7,39,60,2,5,0,0,0,3,.083,.127,.117,.244,34,37,5.71,1.523,151,108,0,686.0,757,125,288,421,bellro01
249,Adam Bernero,2007-12-14,Pittsburgh Pirates,BOS,31,-0.5,7,,,,,,,,,,,,,,,,,,,,,,,,,bernead01
250,Shawn Estes,2007-12-14,San Diego Padres,SDP,35,0.8,12,286,489,49,77,4,28,1,15,.157,.187,.219,.405,99,90,4.71,1.528,274,273,0,1634.2,1658,152,840,1191,estessh01
251,Jerry Gil,2007-12-14,Cincinnati Reds,CIN,25,0.0,2,30,86,3,15,0,8,2,0,.174,.182,.221,.403,,,,,,,,,,,,,gilje01
252,John Koronka,2007-12-14,Colorado Rockies,CLE,27,-0.4,3,8,12,0,0,0,0,0,1,.000,.077,.000,.077,8,11,6.02,1.589,29,28,0,151.0,180,19,60,73,koronjo01
253,Mike Lamb,2007-12-14,Minnesota Twins,HOU,32,2.5,8,844,2421,358,681,68,313,7,207,.281,.339,.427,.766,,,,,,,,,,,,,lambmi01
254,Darrell Rasner,2007-12-14,New York Yankees,NYY,27,0.7,3,6,0,0,0,0,0,0,0,,,,,4,5,4.13,1.280,17,10,0,52.1,52,6,15,26,rasneda01
255,Kiko Calero,2007-12-13,Oakland Athletics,OAK,33,1.8,5,70,6,1,1,0,1,0,0,.167,.167,.167,.333,12,10,3.55,1.218,241,1,7,238.0,197,23,93,248,calerki01
256,David Eckstein,2007-12-13,Toronto Blue Jays,STL,33,5.4,7,965,3772,556,1079,30,285,110,279,.286,.351,.362,.713,,,,,,,,,,,,,eckstda01
257,Adam Everett,2007-12-13,Minnesota Twins,HOU,31,7.4,7,649,2145,257,531,35,214,59,131,.248,.299,.357,.656,,,,,,,,,,,,,everead01
258,Chris George,2007-12-13,Colorado Rockies,FLA,28,,6,,,,,,,,,,,,,,,,,,,,,,,,,georgch02
259,Willie Harris,2007-12-13,Washington Nationals,ATL,30,2.0,7,486,1243,194,307,7,85,72,127,.247,.318,.321,.639,,,,,,,,,,,,,harriwi02
260,Greg Jones,2007-12-13,Los Angeles Dodgers,LAA,31,-0.1,4,1,0,0,0,0,0,0,0,,,,,0,0,5.48,1.615,38,0,0,47.2,54,8,23,40,jonesgr01
261,Danny Klassen,2007-12-13,Houston Astros,HOU,32,,9,,,,,,,,,,,,,,,,,,,,,,,,,klassda01
262,Rob Mackowiak,2007-12-13,Washington Nationals,SDP,32,3.4,7,818,2275,300,596,63,282,49,219,.262,.334,.409,.743,,,,,,,,,,,,,mackoro01
263,Alex Rodriguez,2007-12-13,New York Yankees,NYY,32,23.3,14,1904,7350,1501,2250,518,1503,265,915,.306,.389,.578,.967,,,,,,,,,,,,,rodrial01
264,Ray Sadler,2007-12-13,Houston Astros,HOU,27,-0.1,2,,,,,,,,,,,,,,,,,,,,,,,,,sadlera01
265,Luis Vizcaino,2007-12-13,Colorado Rockies,NYY,33,3.0,9,293,4,0,0,0,0,0,0,.000,.000,.000,.000,33,25,4.25,1.325,485,0,7,485.1,437,67,206,431,vizcalu01
266,Kip Wells,2007-12-13,Colorado Rockies,STL,31,-2.0,9,166,303,28,61,4,17,1,4,.201,.214,.281,.495,64,91,4.63,1.508,231,203,0,1190.2,1250,135,545,870,wellski01
267,Brian Falkenborg,2007-12-12,Los Angeles Dodgers,STL,30,-0.3,5,37,4,1,0,0,0,0,1,.000,.200,.000,.200,1,2,5.74,1.669,39,0,0,53.1,65,6,24,43,falkebr01
268,Chris Gomez,2007-12-12,Pittsburgh Pirates,CLE,37,0.5,15,1425,4421,491,1156,59,467,35,395,.261,.326,.361,.686,,,,,,,,,,,,,gomezch02
269,John-Ford Griffin,2007-12-12,Los Angeles Dodgers,TOR,28,0.2,2,13,23,7,7,2,9,0,3,.304,.370,.696,1.066,,,,,,,,,,,,,griffjo01
270,Joe Nelson,2007-12-12,Florida Marlins,KCR,33,0.5,3,2,0,0,0,0,0,0,0,,,,,1,1,6.39,1.561,48,0,9,49.1,48,6,29,49,nelsojo01
271,Andy Pettitte,2007-12-12,New York Yankees,NYY,36,11.6,13,99,179,5,24,1,12,0,6,.134,.161,.179,.340,201,113,3.83,1.355,403,393,0,2527.2,2636,211,790,1844,pettian01
272,Aaron Rowand,2007-12-12,San Francisco Giants,PHI,30,9.3,7,849,2664,419,761,93,347,54,161,.286,.343,.462,.805,,,,,,,,,,,,,rowanaa01
273,Mike Thompson,2007-12-12,Pittsburgh Pirates,SDP,27,-0.8,2,25,27,2,4,0,0,0,1,.148,.179,.148,.327,4,6,5.27,1.477,26,16,0,107.2,122,15,37,40,thompmi03
274,Angel Chavez,2007-12-11,Los Angeles Dodgers,NYY,26,-0.2,2,,,,,,,,,,,,,,,,,,,,,,,,,chavean02
275,Luis Rivas,2007-12-11,Pittsburgh Pirates,CLE,28,-0.3,7,569,1895,261,496,31,181,78,113,.262,.307,.385,.692,,,,,,,,,,,,,rivaslu01
276,Milton Bradley,2007-12-10,Texas Rangers,SDP,30,5.2,8,691,2453,362,670,81,322,69,309,.273,.358,.439,.797,,,,,,,,,,,,,bradlmi01
277,Eric Gagne,2007-12-10,Milwaukee Brewers,BOS,32,1.6,9,287,86,5,12,1,3,0,1,.140,.149,.221,.370,29,23,3.31,1.132,352,48,177,597.1,472,65,204,680,gagneer01
278,Paul Lo Duca,2007-12-10,Washington Nationals,NYM,36,3.8,10,1015,3719,467,1070,80,466,19,251,.288,.338,.414,.752,,,,,,,,,,,,,loducpa01
279,Beltran Perez,2007-12-10,Washington Nationals,WSN,26,0.6,1,,,,,,,,,,,,,,,,,,,,,,,,,perezbe01
280,Joe Borchard,2007-12-08,Atlanta Braves,FLA,29,-0.9,6,301,716,89,147,26,77,5,74,.205,.284,.352,.636,,,,,,,,,,,,,borchjo01
281,Scott Atchison,2007-12-07,Boston Red Sox,SFG,32,0.2,3,22,2,0,0,0,0,0,0,.000,.000,.000,.000,2,3,4.10,1.368,53,0,0,68.0,68,10,25,70,atchisc01
282,Jeff Bailey,2007-12-07,Boston Red Sox,BOS,29,-0.1,1,3,9,1,1,1,1,0,0,.111,.111,.444,.556,,,,,,,,,,,,,baileje01
283,Dee Brown,2007-12-07,Los Angeles Angels of Anaheim,OAK,30,0.0,8,271,814,86,190,14,89,8,50,.233,.280,.333,.613,,,,,,,,,,,,,brownde02
284,Ryan Bukvich,2007-12-07,Baltimore Orioles,CHW,30,0.0,5,5,0,0,0,0,0,0,0,,,,,3,0,6.12,1.761,93,0,1,82.1,80,9,65,57,bukviry01
285,Raul Chavez,2007-12-07,Pittsburgh Pirates,NYY,35,-0.5,9,170,405,26,86,4,40,3,21,.212,.253,.284,.537,,,,,,,,,,,,,chavera01
286,Tim Corcoran,2007-12-07,Florida Marlins,TBD,30,1.2,3,4,4,0,0,0,0,0,0,.000,.000,.000,.000,5,9,4.97,1.535,40,17,0,130.1,128,13,72,78,corcoti02
287,Vic Darensbourg,2007-12-07,Philadelphia Phillies,DET,37,0.5,9,,,,,,,,,,,,,,,,,,,,,,,,,darenvi01
288,Marcus Gwyn,2007-12-07,Florida Marlins,LAA,30,-0.2,1,0,0,0,0,0,0,0,0,,,,,0,0,11.81,2.625,3,0,1,5.1,9,3,5,3,gwynma01
289,Gary Knotts,2007-12-07,Philadelphia Phillies,PHI,31,,6,,,,,,,,,,,,,,,,,,,,,,,,,knottga01
290,Mark Loretta,2007-12-07,Houston Astros,HOU,36,1.6,13,1518,5370,722,1598,72,566,46,506,.298,.362,.399,.761,0,0,0.00,2.000,1,0,0,1.0,1,0,1,2,loretma01
291,Marshall McDougall,2007-12-07,San Diego Padres,LAD,29,-0.3,2,,,,,,,,,,,,,,,,,,,,,,,,,mcdouma01
292,Val Pascucci,2007-12-07,Philadelphia Phillies,FLA,29,,1,32,62,6,11,2,6,1,10,.177,.297,.290,.588,,,,,,,,,,,,,pascuva01
293,Brian Shackelford,2007-12-07,Los Angeles Dodgers,TBD,31,0.5,2,,,,,,,,,,,,,,,,,,,,,,,,,shackbr01
294,Aaron Boone,2007-12-06,Washington Nationals,FLA,35,1.3,10,1038,3626,496,961,120,527,107,285,.265,.329,.429,.758,,,,,,,,,,,,,booneaa01
295,Bernie Castro,2007-12-06,New York Yankees,WSN,28,-0.5,2,,,,,,,,,,,,,,,,,,,,,,,,,castrbe01
296,Andruw Jones,2007-12-06,Los Angeles Dodgers,ATL,31,15.4,12,1761,6408,1045,1683,368,1117,138,717,.263,.342,.497,.839,,,,,,,,,,,,,jonesan01
297,Nate Field,2007-12-05,New York Mets,FLA,32,-0.2,6,19,0,0,0,0,0,0,0,,,,,4,5,5.13,1.586,89,0,3,87.2,92,13,47,72,fieldna01
298,Justin Leone,2007-12-05,San Francisco Giants,SFG,31,0.0,3,,,,,,,,,,,,,,,,,,,,,,,,,leoneju01
299,David Riske,2007-12-05,Milwaukee Brewers,KCR,31,3.7,8,23,0,0,0,0,0,0,0,,,,,19,18,3.40,1.265,393,0,20,431.0,366,58,179,398,riskeda01
300,Oscar Salazar,2007-12-05,Baltimore Orioles,BAL,30,,1,8,21,2,4,1,3,0,1,.190,.227,.381,.608,,,,,,,,,,,,,salazos01
301,Joe Thurston,2007-12-05,Boston Red Sox,PHI,28,-0.1,4,55,58,7,15,0,2,0,2,.259,.286,.345,.631,,,,,,,,,,,,,thursjo01
302,Raul Casanova,2007-12-04,New York Mets,TBD,35,0.2,8,367,1026,93,240,34,124,2,92,.234,.301,.380,.682,,,,,,,,,,,,,casanra01
303,Scott Cassidy,2007-12-04,Milwaukee Brewers,SDP,32,-0.1,5,,,,,,,,,,,,,,,,,,,,,,,,,cassisc01
304,Jose Guillen,2007-12-04,Kansas City Royals,SEA,32,6.2,11,1268,4485,597,1230,166,673,27,244,.274,.325,.447,.773,,,,,,,,,,,,,guilljo01
305,Josh Hall,2007-12-04,Washington Nationals,WSN,27,,4,,,,,,,,,,,,,,,,,,,,,,,,,halljo03
306,Gustavo Molina,2007-12-04,New York Mets,BAL,26,-0.4,1,17,27,1,3,0,1,0,1,.111,.138,.148,.286,,,,,,,,,,,,,molingu01
307,Chris Narveson,2007-12-04,Milwaukee Brewers,STL,26,0.0,1,5,1,0,0,0,0,0,0,.000,.000,.000,.000,0,0,4.82,1.179,5,1,0,9.1,6,1,5,12,narvech01
308,Casey Daigle,2007-12-03,Minnesota Twins,ARI,27,0.2,2,21,18,2,2,0,0,0,0,.111,.111,.222,.333,2,3,6.46,1.793,20,10,0,61.1,77,10,33,24,daiglca01
309,Jason Karnuth,2007-12-03,Milwaukee Brewers,DET,32,0.0,6,,,,,,,,,,,,,,,,,,,,,,,,,karnuja01
310,José Molina,2007-12-03,New York Yankees,NYY,33,0.8,8,402,1043,104,253,16,107,9,48,.243,.279,.345,.624,,,,,,,,,,,,,molinjo01
311,Guillermo Quiroz,2007-12-03,Baltimore Orioles,TEX,26,-0.2,4,39,100,6,22,0,12,1,5,.220,.275,.270,.545,,,,,,,,,,,,,quirogu01
312,Prentice Redman,2007-12-03,Seattle Mariners,SEA,28,,4,,,,,,,,,,,,,,,,,,,,,,,,,redmapr01
313,Dane Sardinha,2007-12-03,Detroit Tigers,DET,29,-0.1,2,2,5,0,0,0,0,0,0,.000,.000,.000,.000,,,,,,,,,,,,,sardida01
314,Randy Wolf,2007-12-02,San Diego Padres,LAD,31,1.9,9,209,383,35,73,4,36,0,25,.191,.237,.277,.514,78,66,4.25,1.342,212,208,0,1277.2,1239,167,476,1065,wolfra02
315,Francis Beltran,2007-12-01,Detroit Tigers,BAL,28,,2,52,4,0,1,0,0,0,0,.250,.250,.250,.500,2,2,5.87,1.696,56,0,1,61.1,61,13,43,59,beltrfr01
316,Keith Ginter,2007-12-01,Boston Red Sox,CLE,32,-0.9,7,,,,,,,,,,,,,,,,,,,,,,,,,ginteke01
317,Mike Timlin,2007-12-01,Boston Red Sox,BOS,42,4.8,17,192,7,0,0,0,0,0,0,.000,.000,.000,.000,71,69,3.55,1.268,1011,4,140,1155.0,1108,109,357,840,timlimi01
318,Francisco Cruceta,2007-11-30,Detroit Tigers,TEX,26,-0.4,2,0,0,0,0,0,0,0,0,,,,,0,1,10.05,2.093,6,3,0,14.1,20,3,10,11,crucefr01
319,Cesar Izturis,2007-11-30,St. Louis Cardinals,PIT,28,-0.3,7,768,2751,292,713,11,207,62,140,.259,.295,.334,.629,,,,,,,,,,,,,izturce01
320,Kazuo Matsui,2007-11-30,Houston Astros,COL,32,3.5,4,375,1380,212,376,17,131,62,104,.272,.325,.387,.712,,,,,,,,,,,,,matsuka01
321,Kenny Rogers,2007-11-30,Detroit Tigers,DET,43,8.3,19,34,65,5,9,0,4,1,4,.138,.188,.185,.373,210,143,4.19,1.390,732,444,28,3129.0,3245,317,1104,1886,rogerke01
322,Mike Rose,2007-11-30,Colorado Rockies,CLE,31,-0.4,3,,,,,,,,,,,,,,,,,,,,,,,,,rosemi01
323,Dewon Brazelton,2007-11-29,St. Louis Cardinals,PIT,28,-2.5,5,,,,,,,,,,,,,,,,,,,,,,,,,brazede01
324,Matt Herges,2007-11-29,Colorado Rockies,COL,38,0.7,9,459,33,0,6,0,1,0,1,.182,.206,.182,.388,37,30,3.82,1.431,479,4,34,592.0,622,56,225,401,hergema01
325,Troy Percival,2007-11-29,Tampa Bay Devil Rays,STL,38,0.7,12,63,5,0,0,0,0,0,0,.000,.000,.000,.000,33,41,3.02,1.090,639,1,324,651.2,436,73,274,736,percitr01
326,Steve Randolph,2007-11-29,Houston Astros,HOU,34,-0.8,3,105,15,4,5,0,3,0,0,.333,.333,.533,.867,10,7,5.52,1.806,109,6,0,155.0,144,22,136,134,randost01
327,René Rivera,2007-11-29,Los Angeles Dodgers,SEA,24,0.1,3,53,150,11,34,3,10,1,4,.227,.252,.333,.585,,,,,,,,,,,,,riverre01
328,Yorvit Torrealba,2007-11-29,Colorado Rockies,COL,29,2.0,7,440,1332,160,334,30,173,10,106,.251,.313,.391,.705,,,,,,,,,,,,,torreyo01
329,Andy Cannizaro,2007-11-28,Tampa Bay Devil Rays,NYY,29,0.0,1,13,8,5,2,1,1,0,1,.250,.333,.625,.958,,,,,,,,,,,,,cannian01
330,Francisco Cordero,2007-11-28,Cincinnati Reds,MIL,33,4.9,9,116,1,0,0,0,0,0,0,.000,.000,.000,.000,26,27,3.29,1.354,470,0,177,506.0,454,36,231,528,cordefr01
331,Kevin Hooper,2007-11-28,Houston Astros,DET,31,0.1,2,,,,,,,,,,,,,,,,,,,,,,,,,hoopeke01
332,Chad Hermansen,2007-11-27,Los Angeles Angels of Anaheim,NYM,30,,8,,,,,,,,,,,,,,,,,,,,,,,,,hermach01
333,Mark Johnson,2007-11-27,St. Louis Cardinals,ARI,32,,7,322,917,114,199,16,81,8,123,.217,.313,.318,.632,,,,,,,,,,,,,johnsma02
334,Cody Ransom,2007-11-27,New York Yankees,HOU,32,0.1,5,133,140,32,33,3,16,2,17,.236,.331,.364,.696,,,,,,,,,,,,,ransoco01
335,Mike Rouse,2007-11-27,Chicago White Sox,CLE,28,-0.6,2,49,91,9,15,0,6,2,8,.165,.238,.209,.446,,,,,,,,,,,,,rousemi01
336,Doug Waechter,2007-11-27,Florida Marlins,TBD,27,-0.7,4,1,2,1,0,0,0,0,0,.000,.000,.000,.000,14,25,5.62,1.457,60,54,0,315.2,355,59,105,177,waechdo01
337,Doug Brocail,2007-11-26,Houston Astros,SDP,41,0.5,13,221,69,9,12,0,1,2,0,.174,.174,.203,.377,44,43,3.99,1.357,534,42,7,793.2,801,73,276,569,brocado01
338,José Cruz,2007-11-26,Houston Astros,NYY,34,2.2,11,1350,4675,707,1161,204,623,113,647,.248,.338,.448,.786,,,,,,,,,,,,,cruzjo02
339,Justin Lehr,2007-11-26,Cincinnati Reds,SEA,30,-0.6,3,40,3,0,0,0,0,0,0,.000,.000,.000,.000,4,3,5.31,1.566,66,0,0,83.0,91,9,39,51,lehrju01
340,Ricky Stone,2007-11-26,Cincinnati Reds,CIN,33,-0.7,6,210,10,0,0,0,0,0,0,.000,.000,.000,.000,11,9,4.68,1.459,220,0,2,255.2,283,44,90,170,stoneri01
341,Terry Tiffee,2007-11-26,Los Angeles Dodgers,BAL,29,-1.4,3,91,239,20,54,5,29,1,15,.226,.273,.351,.625,,,,,,,,,,,,,tiffete01
342,John Wasdin,2007-11-26,St. Louis Cardinals,PIT,35,1.1,12,62,19,2,3,0,1,0,1,.158,.200,.211,.411,39,39,5.28,1.419,328,65,7,793.1,874,135,252,527,wasdijo01
343,Kerry Wood,2007-11-26,Chicago Cubs,CHC,31,1.5,9,206,345,23,59,7,32,0,11,.171,.196,.249,.445,72,57,3.67,1.259,211,178,0,1153.0,893,128,559,1323,woodke02
344,Adam Greenberg,2007-11-25,Kansas City Royals,KCR,27,0.0,1,1,0,0,0,0,0,0,0,,1.000,,,,,,,,,,,,,,,greenad01
345,Dan Giese,2007-11-24,New York Yankees,SFG,31,0.0,1,8,0,0,0,0,0,0,0,,,,,0,2,4.82,1.071,8,0,0,9.1,8,4,2,7,gieseda01
346,Don Kelly,2007-11-24,Arizona Diamondbacks,PIT,28,-0.5,1,25,27,2,4,0,0,0,3,.148,.281,.148,.429,,,,,,,,,,,,,kellydo01
347,Eli Whiteside,2007-11-24,Minnesota Twins,BAL,28,0.0,1,9,12,1,3,0,1,0,0,.250,.250,.250,.500,,,,,,,,,,,,,whiteel03
348,Jon Knott,2007-11-23,Minnesota Twins,BAL,29,0.0,3,19,31,4,6,1,5,0,5,.194,.297,.355,.652,,,,,,,,,,,,,knottjo02
349,Scott Linebrink,2007-11-23,Chicago White Sox,MIL,31,3.9,8,368,18,0,4,0,0,0,0,.222,.222,.278,.500,30,16,3.21,1.267,384,6,4,442.2,402,48,159,378,linebsc01
350,Tommy Murphy,2007-11-23,Washington Nationals,LAA,28,0.4,2,68,108,14,23,1,8,4,5,.213,.252,.306,.558,,,,,,,,,,,,,murphto03
351,Jon Adkins,2007-11-22,Cincinnati Reds,NYM,30,0.0,5,55,1,0,0,0,0,0,0,.000,.000,.000,.000,4,5,4.60,1.496,115,0,0,135.0,151,17,51,78,adkinjo01
352,Torii Hunter,2007-11-22,Los Angeles Angels of Anaheim,MIN,32,10.4,11,1234,4492,672,1218,192,711,126,319,.271,.324,.469,.793,,,,,,,,,,,,,hunteto01
353,Tomas Perez,2007-11-22,Houston Astros,CHW,34,-0.8,11,781,1886,205,453,24,180,6,131,.240,.291,.343,.634,,,,,,,,,,,,,perezto03
354,Howie Clark,2007-11-21,Minnesota Twins,TOR,34,-0.1,5,130,294,36,77,3,25,1,28,.262,.331,.354,.685,,,,,,,,,,,,,clarkho02
355,Roy Corcoran,2007-11-21,Seattle Mariners,FLA,28,-0.4,3,16,2,0,0,0,0,0,1,.000,.333,.000,.333,0,1,5.89,2.073,16,0,0,18.1,26,1,12,12,corcoro01
356,Jason Kendall,2007-11-21,Milwaukee Brewers,CHC,34,7.4,12,1682,6225,897,1848,71,615,162,588,.297,.375,.394,.768,,,,,,,,,,,,,kendaja01
357,Justin Knoedler,2007-11-21,Oakland Athletics,SFG,27,-0.2,3,,,,,,,,,,,,,,,,,,,,,,,,,knoedju01
358,Ryan Roberts,2007-11-21,Texas Rangers,TOR,27,-0.2,2,17,26,3,2,1,1,0,3,.077,.200,.192,.392,,,,,,,,,,,,,roberry01
359,Jason Stanford,2007-11-21,Washington Nationals,CLE,31,0.2,3,1,2,0,0,0,0,0,0,.000,.000,.000,.000,2,5,3.61,1.374,23,12,0,87.1,92,6,28,51,stanfja01
360,Cory Bailey,2007-11-20,Chicago Cubs,CHC,37,,14,,,,,,,,,,,,,,,,,,,,,,,,,baileco01
361,Rick Bauer,2007-11-20,Cleveland Indians,LAD,31,0.9,6,13,0,0,0,0,0,0,0,,,,,11,14,4.34,1.383,183,10,3,311.0,312,34,118,181,bauerri01
362,Andrés Blanco,2007-11-20,Chicago Cubs,KCR,24,-0.2,3,78,226,24,57,0,19,1,10,.252,.290,.314,.605,,,,,,,,,,,,,blancan01
363,Geoff Blum,2007-11-20,Houston Astros,SDP,35,1.7,9,1022,2981,345,749,71,344,18,256,.251,.312,.386,.699,,,,,,,,,,,,,blumge01
364,Matt Childers,2007-11-20,Philadelphia Phillies,PHI,29,0.0,5,,,,,,,,,,,,,,,,,,,,,,,,,childma01
365,JD Closser,2007-11-20,Chicago Cubs,OAK,28,-0.5,3,,,,,,,,,,,,,,,,,,,,,,,,,clossjd01
366,Jason Dubois,2007-11-20,Washington Nationals,BAL,29,-0.7,3,,,,,,,,,,,,,,,,,,,,,,,,,duboija01
367,Michael Restovich,2007-11-20,Philadelphia Phillies,WSN,29,-0.5,6,152,268,37,64,6,21,1,28,.239,.313,.377,.690,,,,,,,,,,,,,restomi01
368,Jason Shiell,2007-11-20,Milwaukee Brewers,KCR,31,-0.4,5,,,,,,,,,,,,,,,,,,,,,,,,,shielja01
369,Mike Smith,2007-11-20,Chicago Cubs,STL,30,-0.2,5,,,,,,,,,,,,,,,,,,,,,,,,,smithmi06
370,Dennis Tankersley,2007-11-20,Washington Nationals,DET,29,,5,,,,,,,,,,,,,,,,,,,,,,,,,tankede01
371,Andres Torres,2007-11-20,Chicago Cubs,DET,30,-0.1,4,89,257,33,54,1,13,9,17,.210,.258,.276,.534,,,,,,,,,,,,,torrean02
372,Andy Tracy,2007-11-20,Philadelphia Phillies,NYM,34,,3,136,263,34,59,13,41,1,29,.224,.302,.418,.720,,,,,,,,,,,,,tracyan01
373,Brandon Watson,2007-11-20,Philadelphia Phillies,WSN,26,-0.4,3,40,86,10,17,1,7,2,6,.198,.250,.279,.529,,,,,,,,,,,,,watsobr01
374,Chip Ambres,2007-11-19,San Diego Padres,NYM,28,-0.2,2,56,148,25,36,4,10,3,16,.243,.323,.378,.702,,,,,,,,,,,,,ambrech01
375,Luis Castillo,2007-11-19,New York Mets,NYM,32,8.9,12,1405,5479,850,1611,24,358,325,642,.294,.368,.358,.726,,,,,,,,,,,,,castilu01
376,Troy Cate,2007-11-19,Oakland Athletics,STL,27,0.2,1,14,1,0,0,0,0,0,0,.000,.000,.000,.000,0,0,3.38,1.688,14,0,0,16.0,18,1,9,12,catetr01
377,Jason Childers,2007-11-19,Chicago White Sox,CHW,33,-0.1,1,,,,,,,,,,,,,,,,,,,,,,,,,childja01
378,Lee Gronkiewicz,2007-11-19,Boston Red Sox,TOR,29,0.1,1,0,0,0,0,0,0,0,0,,,,,0,0,2.25,1.000,1,0,0,4.0,2,1,2,2,gronkle01
379,Michel Hernandez,2007-11-19,Pittsburgh Pirates,TBD,29,,1,5,4,0,1,0,0,0,1,.250,.400,.250,.650,,,,,,,,,,,,,hernami01
380,Mike Lowell,2007-11-19,Boston Red Sox,BOS,34,7.4,10,1296,4731,636,1323,184,778,26,454,.280,.344,.468,.811,,,,,,,,,,,,,lowelmi01
381,Mariano Rivera HOF,2007-11-19,New York Yankees,NYY,38,9.9,13,47,1,0,0,0,0,0,0,.000,.000,.000,.000,62,44,2.35,1.046,787,10,443,953.0,759,49,238,857,riverma01
382,Chris Barnwell,2007-11-18,Florida Marlins,MIL,29,-0.5,1,,,,,,,,,,,,,,,,,,,,,,,,,barnwch01
383,Tom Glavine HOF,2007-11-18,Atlanta Braves,NYM,42,10.0,21,674,1304,91,244,1,89,1,98,.187,.244,.212,.456,303,199,3.51,1.309,669,669,0,4350.0,4231,345,1463,2570,glavito02
384,Greg Maddux HOF,2007-11-18,San Diego Padres,SDP,42,8.5,22,704,1536,102,266,5,81,10,33,.173,.193,.208,.401,347,214,3.11,1.141,711,707,0,4814.1,4522,332,969,3273,maddugr01
385,Yurendell de Caster,2007-11-17,Washington Nationals,PIT,28,-0.1,1,,,,,,,,,,,,,,,,,,,,,,,,,decasyu01
386,Eddie Rogers,2007-11-17,Washington Nationals,BOS,29,-0.5,5,,,,,,,,,,,,,,,,,,,,,,,,,rogered01
387,William Bergolla,2007-11-16,Washington Nationals,SFG,25,-0.4,2,,,,,,,,,,,,,,,,,,,,,,,,,bergowi01
388,Ramon Castro,2007-11-16,New York Mets,NYM,32,1.8,9,398,945,103,221,41,137,1,106,.234,.310,.413,.723,,,,,,,,,,,,,castrra01
389,Hector Gimenez,2007-11-16,Tampa Bay Devil Rays,HOU,25,0.0,1,2,2,0,0,0,0,0,0,.000,.000,.000,.000,,,,,,,,,,,,,gimenhe01
390,Arnie Munoz,2007-11-16,Washington Nationals,WSN,26,-0.1,2,14,1,0,0,0,0,0,0,.000,.000,.000,.000,0,1,9.15,2.288,24,1,0,19.2,26,6,19,14,munozar01
391,Chris Richard,2007-11-16,Tampa Bay Devil Rays,TBD,34,,4,267,880,131,227,34,122,18,77,.258,.324,.452,.777,,,,,,,,,,,,,richach01
392,Kevin Cash,2007-11-15,Boston Red Sox,BOS,30,-0.2,5,126,359,35,60,7,35,0,20,.167,.223,.265,.488,,,,,,,,,,,,,cashke01
393,Antonio Perez,2007-11-15,Washington Nationals,OAK,28,0.1,4,,,,,,,,,,,,,,,,,,,,,,,,,perezan01
394,Mike Bacsik,2007-11-14,Washington Nationals,WSN,30,-0.1,5,42,50,1,5,0,3,0,1,.100,.118,.140,.258,10,13,5.46,1.486,51,35,0,216.0,261,41,60,97,bacsimi02
395,Colter Bean,2007-11-14,Atlanta Braves,NYY,31,-0.2,3,1,0,0,0,0,0,0,0,,,,,0,1,9.00,2.429,6,0,0,7.0,8,0,9,5,beanco01
396,Randy Choate,2007-11-14,Milwaukee Brewers,ARI,32,-0.2,8,115,5,0,0,0,0,0,0,.000,.000,.000,.000,5,7,4.64,1.479,196,0,0,165.0,157,5,87,129,choatra01
397,Todd Linden,2007-11-14,Oakland Athletics,FLA,28,-1.3,5,270,502,64,116,8,36,8,44,.231,.303,.335,.638,,,,,,,,,,,,,lindeto01
398,Carlos Maldonado,2007-11-14,Pittsburgh Pirates,PIT,29,-0.3,2,21,43,2,7,2,4,1,6,.163,.260,.326,.586,,,,,,,,,,,,,maldoca03
399,Zach McClellan,2007-11-14,Colorado Rockies,COL,29,-0.1,1,12,1,0,0,0,0,0,0,.000,.000,.000,.000,1,0,5.79,1.786,12,0,0,14.0,20,0,5,13,mccleza01
400,Donnie Sadler,2007-11-14,Milwaukee Brewers,ARI,33,0.0,8,418,768,125,155,6,46,25,55,.202,.262,.284,.546,,,,,,,,,,,,,sadledo01
401,Travis Dawkins,2007-11-13,Philadelphia Phillies,PHI,29,,8,,,,,,,,,,,,,,,,,,,,,,,,,dawkitr01
402,Corky Miller,2007-11-13,Atlanta Braves,ATL,32,-0.2,7,101,275,23,54,7,30,1,25,.196,.287,.324,.611,,,,,,,,,,,,,milleco01
403,Jorge Posada,2007-11-13,New York Yankees,NYY,37,13.7,13,1432,4814,744,1334,218,861,16,766,.277,.381,.479,.860,,,,,,,,,,,,,posadjo01
404,Todd Jones,2007-11-12,Detroit Tigers,DET,40,3.7,15,467,19,1,4,0,0,0,1,.211,.250,.263,.513,54,62,3.93,1.404,937,1,301,1030.1,1022,88,425,854,jonesto02
405,J.C. Romero,2007-11-11,Philadelphia Phillies,PHI,32,1.9,9,71,4,1,1,0,0,0,0,.250,.250,.500,.750,28,24,4.30,1.499,466,22,3,512.1,491,44,277,409,romerj.01
406,Omar Vizquel,2007-11-07,San Francisco Giants,SFG,41,5.1,19,2588,9479,1337,2598,77,869,380,941,.274,.340,.357,.697,,,,,,,,,,,,,vizquom01
407,Marlon Anderson,2007-11-06,New York Mets,NYM,34,2.9,10,1060,3062,376,820,62,361,69,218,.268,.317,.396,.713,,,,,,,,,,,,,anderma02
408,Curt Schilling,2007-11-06,Boston Red Sox,BOS,41,10.0,20,402,773,39,117,0,29,1,25,.151,.178,.171,.348,216,146,3.46,1.137,569,436,22,3261.0,2998,347,711,3116,schilcu01
409,Bobby Keppel,2007-11-05,Florida Marlins,COL,26,-0.1,2,6,2,0,0,0,0,0,0,.000,.000,.000,.000,0,4,6.10,1.800,12,6,0,38.1,51,7,18,21,keppebo01
410,Scott McClain,2007-11-02,San Francisco Giants,SFG,36,-0.3,3,30,45,4,6,0,1,0,4,.133,.220,.156,.376,,,,,,,,,,,,,mcclasc01
411,Matt Stairs,2007-11-02,Toronto Blue Jays,TOR,40,3.7,15,1541,4600,691,1228,241,815,27,632,.267,.359,.488,.847,,,,,,,,,,,,,stairma01
412,Damion Easley,2007-10-31,New York Mets,NYM,38,2.5,16,1593,5168,702,1301,157,640,114,491,.252,.329,.406,.735,,,,,,,,,,,,,easleda01
413,Brad Ausmus,2007-10-30,Houston Astros,HOU,39,0.1,15,1833,5905,690,1490,76,572,101,597,.252,.326,.346,.672,,,,,,,,,,,,,ausmubr01
414,Jason Wood,2007-10-24,Florida Marlins,FLA,38,0.3,4,150,198,25,49,5,36,1,14,.247,.296,.379,.675,0,0,0.00,0.000,1,0,0,1.0,0,0,0,0,woodja02
415,Willie Eyre,2007-10-21,Texas Rangers,TEX,29,-0.1,2,5,1,0,0,0,0,0,0,.000,.000,.000,.000,5,6,5.23,1.626,75,2,1,127.1,153,16,54,68,eyrewi01
416,Josh Kroeger,2007-10-20,Chicago Cubs,CHC,25,,3,,,,,,,,,,,,,,,,,,,,,,,,,kroegjo01
417,J.J. Trujillo,2007-10-16,Philadelphia Phillies,PHI,32,,5,,,,,,,,,,,,,,,,,,,,,,,,,trujijj01